# Host: localhost  (Version 5.7.24)
# Date: 2024-01-10 22:21:24
# Generator: MySQL-Front 6.0  (Build 2.20)


#
# Structure for table "activity_log"
#

CREATE TABLE `activity_log` (
  `id` int(10) unsigned NOT NULL AUTO_INCREMENT,
  `log_name` varchar(255) COLLATE utf8mb4_unicode_ci DEFAULT NULL,
  `description` text COLLATE utf8mb4_unicode_ci NOT NULL,
  `subject_id` bigint(20) unsigned DEFAULT NULL,
  `subject_type` varchar(255) COLLATE utf8mb4_unicode_ci DEFAULT NULL,
  `event` varchar(255) COLLATE utf8mb4_unicode_ci DEFAULT NULL,
  `causer_id` bigint(20) unsigned DEFAULT NULL,
  `causer_type` varchar(255) COLLATE utf8mb4_unicode_ci DEFAULT NULL,
  `properties` text COLLATE utf8mb4_unicode_ci,
  `batch_uuid` char(36) COLLATE utf8mb4_unicode_ci DEFAULT NULL,
  `created_at` timestamp NULL DEFAULT NULL,
  `updated_at` timestamp NULL DEFAULT NULL,
  PRIMARY KEY (`id`),
  KEY `activity_log_log_name_index` (`log_name`)
) ENGINE=InnoDB AUTO_INCREMENT=60 DEFAULT CHARSET=utf8mb4 COLLATE=utf8mb4_unicode_ci;

#
# Data for table "activity_log"
#

INSERT INTO `activity_log` VALUES (1,'Authentication','Logout has been success',NULL,NULL,NULL,NULL,NULL,'[]',NULL,'2024-01-09 10:27:09','2024-01-09 10:27:09'),(2,'Authentication','Login has been success',NULL,NULL,NULL,1,'Uasoft\\Badaso\\Models\\User','{\"attributes\":{\"id\":1,\"name\":\"admin\",\"username\":\"admin\",\"email\":\"admin@gmail.com\",\"additional_info\":null,\"gender\":null,\"avatar\":\"photos\\/shares\\/default-user.png\",\"phone\":null,\"address\":null,\"email_verified_at\":\"2024-01-09T12:12:28.000000Z\",\"last_sent_token_at\":null,\"created_at\":\"2024-01-09T12:12:28.000000Z\",\"updated_at\":\"2024-01-09T12:12:28.000000Z\"}}',NULL,'2024-01-09 12:13:19','2024-01-09 12:13:19'),(3,'Authentication','Logout has been success',NULL,NULL,NULL,NULL,NULL,'[]',NULL,'2024-01-09 12:18:34','2024-01-09 12:18:34'),(4,'Authentication','Login has been success',NULL,NULL,NULL,1,'Uasoft\\Badaso\\Models\\User','{\"attributes\":{\"id\":1,\"name\":\"admin\",\"username\":\"admin\",\"email\":\"admin@gmail.com\",\"additional_info\":null,\"gender\":null,\"avatar\":\"photos\\/shares\\/default-user.png\",\"phone\":null,\"address\":null,\"email_verified_at\":\"2024-01-09T12:12:28.000000Z\",\"last_sent_token_at\":null,\"created_at\":\"2024-01-09T12:12:28.000000Z\",\"updated_at\":\"2024-01-09T12:12:28.000000Z\"}}',NULL,'2024-01-09 12:18:40','2024-01-09 12:18:40'),(5,'Database','Add table branches has been created',NULL,NULL,'created',1,'Uasoft\\Badaso\\Models\\User','{\"attributes\":{\"table\":\"branches\",\"rows\":[{\"id\":\"id\",\"field_name\":\"id\",\"field_type\":\"bigint\",\"field_length\":null,\"field_null\":false,\"field_attribute\":true,\"field_increment\":true,\"field_index\":\"primary\",\"field_default\":null,\"undeletable\":true},{\"id\":\"bc0ae188-e276-4103-bfcd-12b6e518bdf9\",\"field_name\":\"branch_name\",\"field_type\":\"varchar\",\"field_length\":\"100\",\"field_null\":false,\"field_attribute\":false,\"field_increment\":false,\"field_index\":null,\"field_default\":null},{\"id\":\"e9d5fa79-0346-4dc7-864a-1107a25af833\",\"field_name\":\"location\",\"field_type\":\"varchar\",\"field_length\":\"100\",\"field_null\":false,\"field_attribute\":false,\"field_increment\":false,\"field_index\":null,\"field_default\":null},{\"id\":\"b940fabd-2cd4-40be-8e31-2e4ca1e5d54a\",\"field_name\":\"phone_number\",\"field_type\":\"varchar\",\"field_length\":\"100\",\"field_null\":false,\"field_attribute\":false,\"field_increment\":false,\"field_index\":null,\"field_default\":null},{\"field_name\":\"created_at\",\"field_type\":\"timestamp\",\"field_length\":null,\"field_null\":true,\"field_attribute\":false,\"field_increment\":false,\"field_index\":null,\"field_default\":null,\"undeletable\":true,\"indexes\":true},{\"field_name\":\"updated_at\",\"field_type\":\"timestamp\",\"field_length\":null,\"field_null\":true,\"field_attribute\":false,\"field_increment\":false,\"field_index\":null,\"field_default\":null,\"undeletable\":true}],\"relations\":[]}}',NULL,'2024-01-10 00:03:34','2024-01-10 00:03:34'),(6,'Database','Add table cars has been created',NULL,NULL,'created',1,'Uasoft\\Badaso\\Models\\User','{\"attributes\":{\"table\":\"cars\",\"rows\":[{\"id\":\"id\",\"field_name\":\"id\",\"field_type\":\"bigint\",\"field_length\":null,\"field_null\":false,\"field_attribute\":true,\"field_increment\":true,\"field_index\":\"primary\",\"field_default\":null,\"undeletable\":true},{\"id\":\"c4c81ab1-fe96-4d18-8db0-19f844dcc927\",\"field_name\":\"branch_id\",\"field_type\":\"bigint\",\"field_length\":null,\"field_null\":false,\"field_attribute\":true,\"field_increment\":false,\"field_index\":\"foreign\",\"field_default\":null},{\"id\":\"ab53eb85-5ec7-4a6f-bae2-a93294844547\",\"field_name\":\"brand\",\"field_type\":\"varchar\",\"field_length\":\"100\",\"field_null\":false,\"field_attribute\":false,\"field_increment\":false,\"field_index\":null,\"field_default\":null},{\"id\":\"59f45778-dc5a-46ae-838c-31e8c4306ad7\",\"field_name\":\"rental_price\",\"field_type\":\"float\",\"field_length\":\"100\",\"field_null\":false,\"field_attribute\":false,\"field_increment\":false,\"field_index\":null,\"field_default\":null},{\"id\":\"f7f40fca-9274-45db-89f3-65fd5a63a332\",\"field_name\":\"description\",\"field_type\":\"text\",\"field_length\":null,\"field_null\":false,\"field_attribute\":false,\"field_increment\":false,\"field_index\":null,\"field_default\":null},{\"id\":\"49a8ba9b-2fcb-461b-983d-ac813c6c3851\",\"field_name\":\"image\",\"field_type\":\"varchar\",\"field_length\":\"100\",\"field_null\":false,\"field_attribute\":false,\"field_increment\":false,\"field_index\":null,\"field_default\":null},{\"id\":\"db699a9c-9b8d-4ee2-8aa3-c87f0cf27e11\",\"field_name\":\"is_available\",\"field_type\":\"integer\",\"field_length\":null,\"field_null\":false,\"field_attribute\":false,\"field_increment\":false,\"field_index\":null,\"field_default\":null},{\"id\":\"abc7065c-0abd-43f1-9302-62fe1244bde6\",\"field_name\":\"is_used\",\"field_type\":\"integer\",\"field_length\":null,\"field_null\":false,\"field_attribute\":false,\"field_increment\":false,\"field_index\":null,\"field_default\":null},{\"field_name\":\"created_at\",\"field_type\":\"timestamp\",\"field_length\":null,\"field_null\":true,\"field_attribute\":false,\"field_increment\":false,\"field_index\":null,\"field_default\":null,\"undeletable\":true,\"indexes\":true},{\"field_name\":\"updated_at\",\"field_type\":\"timestamp\",\"field_length\":null,\"field_null\":true,\"field_attribute\":false,\"field_increment\":false,\"field_index\":null,\"field_default\":null,\"undeletable\":true}],\"relations\":{\"c4c81ab1-fe96-4d18-8db0-19f844dcc927\":{\"source_field\":\"branch_id\",\"target_table\":\"branches\",\"target_field\":\"id\",\"on_delete\":\"restrict\",\"on_update\":\"no action\"}}}}',NULL,'2024-01-10 00:08:57','2024-01-10 00:08:57'),(7,'Database','Add table employees has been created',NULL,NULL,'created',1,'Uasoft\\Badaso\\Models\\User','{\"attributes\":{\"table\":\"employees\",\"rows\":[{\"id\":\"id\",\"field_name\":\"id\",\"field_type\":\"bigint\",\"field_length\":null,\"field_null\":false,\"field_attribute\":true,\"field_increment\":true,\"field_index\":\"primary\",\"field_default\":null,\"undeletable\":true},{\"id\":\"e046e19e-6df6-4703-9ad7-f43b9d9d21df\",\"field_name\":\"user_id\",\"field_type\":\"bigint\",\"field_length\":null,\"field_null\":false,\"field_attribute\":true,\"field_increment\":false,\"field_index\":\"foreign\",\"field_default\":null},{\"field_name\":\"created_at\",\"field_type\":\"timestamp\",\"field_length\":null,\"field_null\":true,\"field_attribute\":false,\"field_increment\":false,\"field_index\":null,\"field_default\":null,\"undeletable\":true,\"indexes\":true},{\"field_name\":\"updated_at\",\"field_type\":\"timestamp\",\"field_length\":null,\"field_null\":true,\"field_attribute\":false,\"field_increment\":false,\"field_index\":null,\"field_default\":null,\"undeletable\":true}],\"relations\":{\"e046e19e-6df6-4703-9ad7-f43b9d9d21df\":{\"source_field\":\"user_id\",\"target_table\":\"badaso_users\",\"target_field\":\"id\",\"on_delete\":\"restrict\",\"on_update\":\"no action\"}}}}',NULL,'2024-01-10 00:13:25','2024-01-10 00:13:25'),(8,'Database','Edit table employees has been updated',NULL,NULL,'updated',1,'Uasoft\\Badaso\\Models\\User','{\"old\":[\"employees\",[{\"id\":\"d3c2d5b1-7145-4866-807c-f4505cd11c24\",\"field_name\":\"id\",\"field_type\":\"bigint\",\"field_length\":null,\"field_null\":false,\"field_attribute\":true,\"field_increment\":true,\"field_index\":\"primary\",\"field_default\":null},{\"id\":\"3e0c4f33-e39a-407c-8e12-2c53b2652419\",\"field_name\":\"user_id\",\"field_type\":\"bigint\",\"field_length\":null,\"field_null\":false,\"field_attribute\":true,\"field_increment\":false,\"field_index\":\"foreign\",\"field_default\":null},{\"id\":\"22115218-e623-4b4d-8a89-58835deb2787\",\"field_name\":\"created_at\",\"field_type\":\"timestamp\",\"field_length\":null,\"field_null\":true,\"field_attribute\":false,\"field_increment\":false,\"field_index\":null,\"field_default\":null},{\"id\":\"ddf01956-5b2e-4cdf-8d25-6ed813b57a40\",\"field_name\":\"updated_at\",\"field_type\":\"timestamp\",\"field_length\":null,\"field_null\":true,\"field_attribute\":false,\"field_increment\":false,\"field_index\":null,\"field_default\":null}],{\"3e0c4f33-e39a-407c-8e12-2c53b2652419\":{\"source_field\":\"user_id\",\"target_table\":\"badaso_users\",\"target_field\":\"id\",\"on_delete\":null,\"on_update\":\"no action\"}}],\"new\":[\"employees\",[{\"id\":\"d3c2d5b1-7145-4866-807c-f4505cd11c24\",\"field_name\":\"id\",\"field_type\":\"bigint\",\"field_length\":null,\"field_null\":false,\"field_attribute\":true,\"field_increment\":true,\"field_index\":\"primary\",\"field_default\":null,\"modify_type\":[],\"undeletable\":true,\"indexes\":false},{\"id\":\"3e0c4f33-e39a-407c-8e12-2c53b2652419\",\"field_name\":\"user_id\",\"field_type\":\"bigint\",\"field_length\":null,\"field_null\":false,\"field_attribute\":true,\"field_increment\":false,\"field_index\":\"foreign\",\"field_default\":null,\"modify_type\":[],\"undeletable\":false,\"indexes\":false},{\"id\":\"81f2d674-f485-4d43-a438-0ea88340de6f\",\"field_name\":\"position\",\"field_type\":\"varchar\",\"field_length\":\"100\",\"field_null\":false,\"field_attribute\":false,\"field_increment\":false,\"field_index\":null,\"field_default\":null,\"modify_type\":[\"CREATE\"]},{\"id\":\"ef986832-db25-4dea-afd5-d4573e7a719c\",\"field_name\":\"status\",\"field_type\":\"varchar\",\"field_length\":\"100\",\"field_null\":false,\"field_attribute\":false,\"field_increment\":false,\"field_index\":null,\"field_default\":null,\"modify_type\":[\"CREATE\"]},{\"id\":\"4c8351d4-4243-4480-a5e5-c1039d9c8eec\",\"field_name\":\"status_booking\",\"field_type\":\"varchar\",\"field_length\":\"100\",\"field_null\":false,\"field_attribute\":false,\"field_increment\":false,\"field_index\":null,\"field_default\":null,\"modify_type\":[\"CREATE\"]},{\"id\":\"22115218-e623-4b4d-8a89-58835deb2787\",\"field_name\":\"created_at\",\"field_type\":\"timestamp\",\"field_length\":null,\"field_null\":true,\"field_attribute\":false,\"field_increment\":false,\"field_index\":null,\"field_default\":null,\"modify_type\":[],\"undeletable\":true,\"indexes\":true},{\"id\":\"ddf01956-5b2e-4cdf-8d25-6ed813b57a40\",\"field_name\":\"updated_at\",\"field_type\":\"timestamp\",\"field_length\":null,\"field_null\":true,\"field_attribute\":false,\"field_increment\":false,\"field_index\":null,\"field_default\":null,\"modify_type\":[],\"undeletable\":true,\"indexes\":false}],{\"3e0c4f33-e39a-407c-8e12-2c53b2652419\":{\"source_field\":\"user_id\",\"target_table\":\"badaso_users\",\"target_field\":\"id\",\"on_delete\":null,\"on_update\":\"no action\"}}]}',NULL,'2024-01-10 00:14:19','2024-01-10 00:14:19'),(9,'Database','Add table rentals has been created',NULL,NULL,'created',1,'Uasoft\\Badaso\\Models\\User','{\"attributes\":{\"table\":\"rentals\",\"rows\":[{\"id\":\"id\",\"field_name\":\"id\",\"field_type\":\"bigint\",\"field_length\":null,\"field_null\":false,\"field_attribute\":true,\"field_increment\":true,\"field_index\":\"primary\",\"field_default\":null,\"undeletable\":true},{\"id\":\"612f641a-dc38-4ceb-b888-c25bcddaa000\",\"field_name\":\"car_id\",\"field_type\":\"bigint\",\"field_length\":null,\"field_null\":false,\"field_attribute\":true,\"field_increment\":false,\"field_index\":\"foreign\",\"field_default\":null},{\"id\":\"df0771d1-96a8-4bf7-ae98-4b44501d0fcf\",\"field_name\":\"user_id\",\"field_type\":\"bigint\",\"field_length\":null,\"field_null\":false,\"field_attribute\":true,\"field_increment\":false,\"field_index\":\"foreign\",\"field_default\":null},{\"id\":\"7d5980c5-3101-4f23-8d26-b582584fdd4a\",\"field_name\":\"employee_id\",\"field_type\":\"bigint\",\"field_length\":null,\"field_null\":false,\"field_attribute\":true,\"field_increment\":false,\"field_index\":\"foreign\",\"field_default\":null},{\"id\":\"4e325ae6-963d-4733-9a60-162599613649\",\"field_name\":\"rental_code\",\"field_type\":\"varchar\",\"field_length\":\"100\",\"field_null\":false,\"field_attribute\":false,\"field_increment\":false,\"field_index\":null,\"field_default\":null},{\"id\":\"c0d0360c-5728-4d70-a983-a7f6ad5317ad\",\"field_name\":\"start_date\",\"field_type\":\"date\",\"field_length\":null,\"field_null\":false,\"field_attribute\":false,\"field_increment\":false,\"field_index\":null,\"field_default\":null},{\"id\":\"c62a2218-b889-4478-95dc-e3d0b0d61d1a\",\"field_name\":\"end_date\",\"field_type\":\"date\",\"field_length\":null,\"field_null\":false,\"field_attribute\":false,\"field_increment\":false,\"field_index\":null,\"field_default\":null},{\"id\":\"c918caf4-32bd-4e2d-9a24-41893f9d8afc\",\"field_name\":\"duration\",\"field_type\":\"integer\",\"field_length\":null,\"field_null\":false,\"field_attribute\":false,\"field_increment\":false,\"field_index\":null,\"field_default\":null},{\"id\":\"d295331d-8ad1-424e-93d3-4802d0d54c53\",\"field_name\":\"total_cost\",\"field_type\":\"float\",\"field_length\":\"100\",\"field_null\":false,\"field_attribute\":false,\"field_increment\":false,\"field_index\":null,\"field_default\":null},{\"id\":\"129b32b9-4d56-4720-885e-babc27824ac6\",\"field_name\":\"rental_status\",\"field_type\":\"enum\",\"field_length\":\"disewa,selesai\",\"field_null\":false,\"field_attribute\":false,\"field_increment\":false,\"field_index\":null,\"field_default\":null},{\"field_name\":\"created_at\",\"field_type\":\"timestamp\",\"field_length\":null,\"field_null\":true,\"field_attribute\":false,\"field_increment\":false,\"field_index\":null,\"field_default\":null,\"undeletable\":true,\"indexes\":true},{\"field_name\":\"updated_at\",\"field_type\":\"timestamp\",\"field_length\":null,\"field_null\":true,\"field_attribute\":false,\"field_increment\":false,\"field_index\":null,\"field_default\":null,\"undeletable\":true}],\"relations\":{\"612f641a-dc38-4ceb-b888-c25bcddaa000\":{\"source_field\":\"car_id\",\"target_table\":\"cars\",\"target_field\":\"id\",\"on_delete\":\"restrict\",\"on_update\":\"no action\"},\"df0771d1-96a8-4bf7-ae98-4b44501d0fcf\":{\"source_field\":\"user_id\",\"target_table\":\"badaso_users\",\"target_field\":\"id\",\"on_delete\":\"restrict\",\"on_update\":\"no action\"},\"7d5980c5-3101-4f23-8d26-b582584fdd4a\":{\"source_field\":\"employee_id\",\"target_table\":\"employees\",\"target_field\":\"id\",\"on_delete\":\"restrict\",\"on_update\":\"no action\"}}}}',NULL,'2024-01-10 00:49:43','2024-01-10 00:49:43'),(10,'Database','Add table payments has been created',NULL,NULL,'created',1,'Uasoft\\Badaso\\Models\\User','{\"attributes\":{\"table\":\"payments\",\"rows\":[{\"id\":\"id\",\"field_name\":\"id\",\"field_type\":\"bigint\",\"field_length\":null,\"field_null\":false,\"field_attribute\":true,\"field_increment\":true,\"field_index\":\"primary\",\"field_default\":null,\"undeletable\":true},{\"id\":\"af23569b-490e-4136-b51c-5d649b7c99de\",\"field_name\":\"rental_id\",\"field_type\":\"bigint\",\"field_length\":null,\"field_null\":false,\"field_attribute\":true,\"field_increment\":false,\"field_index\":\"foreign\",\"field_default\":null},{\"id\":\"a458345f-18cb-430b-bef9-e8b4960d6442\",\"field_name\":\"payment_method\",\"field_type\":\"varchar\",\"field_length\":\"100\",\"field_null\":false,\"field_attribute\":false,\"field_increment\":false,\"field_index\":null,\"field_default\":null},{\"id\":\"1d0c5bf1-59a0-4c60-8a47-69c87d04d289\",\"field_name\":\"payment_amount\",\"field_type\":\"integer\",\"field_length\":null,\"field_null\":false,\"field_attribute\":false,\"field_increment\":false,\"field_index\":null,\"field_default\":null},{\"id\":\"aeb5e426-2c6d-40bc-9c14-bd1ac58cae05\",\"field_name\":\"payment_date\",\"field_type\":\"date\",\"field_length\":null,\"field_null\":false,\"field_attribute\":false,\"field_increment\":false,\"field_index\":null,\"field_default\":null},{\"id\":\"37bfce23-a1e8-4848-94a0-ea16b979e765\",\"field_name\":\"payment_status\",\"field_type\":\"varchar\",\"field_length\":\"100\",\"field_null\":false,\"field_attribute\":false,\"field_increment\":false,\"field_index\":null,\"field_default\":null},{\"field_name\":\"created_at\",\"field_type\":\"timestamp\",\"field_length\":null,\"field_null\":true,\"field_attribute\":false,\"field_increment\":false,\"field_index\":null,\"field_default\":null,\"undeletable\":true,\"indexes\":true},{\"field_name\":\"updated_at\",\"field_type\":\"timestamp\",\"field_length\":null,\"field_null\":true,\"field_attribute\":false,\"field_increment\":false,\"field_index\":null,\"field_default\":null,\"undeletable\":true}],\"relations\":{\"af23569b-490e-4136-b51c-5d649b7c99de\":{\"source_field\":\"rental_id\",\"target_table\":\"rentals\",\"target_field\":\"id\",\"on_delete\":\"restrict\",\"on_update\":\"no action\"}}}}',NULL,'2024-01-10 00:55:49','2024-01-10 00:55:49'),(11,'CRUD','CRUD table branches has been created',1,'Uasoft\\Badaso\\Models\\DataType','created',1,'Uasoft\\Badaso\\Models\\User','{\"attributes\":{\"name\":\"branches\",\"slug\":\"branches\",\"display_name_singular\":\"Branches\",\"display_name_plural\":\"Branches\",\"icon\":null,\"model_name\":null,\"policy_name\":null,\"controller\":null,\"order_column\":null,\"order_display_column\":null,\"order_direction\":null,\"generate_permissions\":true,\"server_side\":false,\"description\":null,\"details\":null,\"notification\":\"[]\",\"is_soft_delete\":false,\"updated_at\":\"2024-01-10T01:25:02.000000Z\",\"created_at\":\"2024-01-10T01:25:02.000000Z\",\"id\":1,\"data_rows\":[{\"id\":1,\"data_type_id\":1,\"field\":\"id\",\"type\":\"number\",\"display_name\":\"Id\",\"required\":1,\"browse\":0,\"read\":0,\"edit\":0,\"add\":0,\"delete\":0,\"details\":\"{}\",\"relation\":null,\"order\":1},{\"id\":2,\"data_type_id\":1,\"field\":\"branch_name\",\"type\":\"text\",\"display_name\":\"Branch Name\",\"required\":1,\"browse\":1,\"read\":1,\"edit\":1,\"add\":1,\"delete\":1,\"details\":\"{}\",\"relation\":null,\"order\":2},{\"id\":3,\"data_type_id\":1,\"field\":\"location\",\"type\":\"text\",\"display_name\":\"Location\",\"required\":1,\"browse\":1,\"read\":1,\"edit\":1,\"add\":1,\"delete\":1,\"details\":\"{}\",\"relation\":null,\"order\":3},{\"id\":4,\"data_type_id\":1,\"field\":\"phone_number\",\"type\":\"text\",\"display_name\":\"Phone Number\",\"required\":1,\"browse\":1,\"read\":1,\"edit\":1,\"add\":1,\"delete\":1,\"details\":\"{}\",\"relation\":null,\"order\":4},{\"id\":5,\"data_type_id\":1,\"field\":\"created_at\",\"type\":\"datetime\",\"display_name\":\"Created At\",\"required\":0,\"browse\":1,\"read\":1,\"edit\":0,\"add\":0,\"delete\":0,\"details\":\"{}\",\"relation\":null,\"order\":5},{\"id\":6,\"data_type_id\":1,\"field\":\"updated_at\",\"type\":\"datetime\",\"display_name\":\"Updated At\",\"required\":0,\"browse\":1,\"read\":1,\"edit\":0,\"add\":0,\"delete\":0,\"details\":\"{}\",\"relation\":null,\"order\":6}]}}',NULL,'2024-01-10 01:25:03','2024-01-10 01:25:03'),(12,'CRUD','CRUD table cars has been created',2,'Uasoft\\Badaso\\Models\\DataType','created',1,'Uasoft\\Badaso\\Models\\User','{\"attributes\":{\"name\":\"cars\",\"slug\":\"cars\",\"display_name_singular\":\"Cars\",\"display_name_plural\":\"Cars\",\"icon\":null,\"model_name\":null,\"policy_name\":null,\"controller\":null,\"order_column\":null,\"order_display_column\":null,\"order_direction\":null,\"generate_permissions\":true,\"server_side\":false,\"description\":null,\"details\":null,\"notification\":\"[]\",\"is_soft_delete\":false,\"updated_at\":\"2024-01-10T01:27:45.000000Z\",\"created_at\":\"2024-01-10T01:27:45.000000Z\",\"id\":2,\"data_rows\":[{\"id\":7,\"data_type_id\":2,\"field\":\"id\",\"type\":\"number\",\"display_name\":\"Id\",\"required\":1,\"browse\":0,\"read\":0,\"edit\":0,\"add\":0,\"delete\":0,\"details\":\"{}\",\"relation\":null,\"order\":1},{\"id\":8,\"data_type_id\":2,\"field\":\"branch_id\",\"type\":\"relation\",\"display_name\":\"Branch\",\"required\":1,\"browse\":1,\"read\":1,\"edit\":1,\"add\":1,\"delete\":1,\"details\":\"{}\",\"relation\":{\"relation_type\":\"belongs_to\",\"destination_table\":\"branches\",\"destination_table_column\":\"id\",\"destination_table_display_column\":\"branch_name\",\"destination_table_display_more_column\":[\"id\",\"branch_name\"]},\"order\":2},{\"id\":9,\"data_type_id\":2,\"field\":\"brand\",\"type\":\"text\",\"display_name\":\"Brand\",\"required\":1,\"browse\":1,\"read\":1,\"edit\":1,\"add\":1,\"delete\":1,\"details\":\"{}\",\"relation\":null,\"order\":3},{\"id\":10,\"data_type_id\":2,\"field\":\"rental_price\",\"type\":\"number\",\"display_name\":\"Rental Price\",\"required\":1,\"browse\":1,\"read\":1,\"edit\":1,\"add\":1,\"delete\":1,\"details\":\"{}\",\"relation\":null,\"order\":4},{\"id\":11,\"data_type_id\":2,\"field\":\"description\",\"type\":\"textarea\",\"display_name\":\"Description\",\"required\":1,\"browse\":1,\"read\":1,\"edit\":1,\"add\":1,\"delete\":1,\"details\":\"{}\",\"relation\":null,\"order\":5},{\"id\":12,\"data_type_id\":2,\"field\":\"image\",\"type\":\"upload_image_multiple\",\"display_name\":\"Image\",\"required\":1,\"browse\":1,\"read\":1,\"edit\":1,\"add\":1,\"delete\":1,\"details\":\"{}\",\"relation\":null,\"order\":6},{\"id\":13,\"data_type_id\":2,\"field\":\"is_available\",\"type\":\"number\",\"display_name\":\"Is Available\",\"required\":1,\"browse\":1,\"read\":1,\"edit\":1,\"add\":1,\"delete\":1,\"details\":\"{}\",\"relation\":null,\"order\":7},{\"id\":14,\"data_type_id\":2,\"field\":\"is_used\",\"type\":\"number\",\"display_name\":\"Is Used\",\"required\":1,\"browse\":1,\"read\":1,\"edit\":1,\"add\":1,\"delete\":1,\"details\":\"{}\",\"relation\":null,\"order\":8},{\"id\":15,\"data_type_id\":2,\"field\":\"created_at\",\"type\":\"datetime\",\"display_name\":\"Created At\",\"required\":0,\"browse\":1,\"read\":1,\"edit\":0,\"add\":0,\"delete\":0,\"details\":\"{}\",\"relation\":null,\"order\":9},{\"id\":16,\"data_type_id\":2,\"field\":\"updated_at\",\"type\":\"datetime\",\"display_name\":\"Updated At\",\"required\":0,\"browse\":1,\"read\":1,\"edit\":0,\"add\":0,\"delete\":0,\"details\":\"{}\",\"relation\":null,\"order\":10}]}}',NULL,'2024-01-10 01:27:46','2024-01-10 01:27:46'),(13,'CRUD','CRUD table employees has been created',3,'Uasoft\\Badaso\\Models\\DataType','created',1,'Uasoft\\Badaso\\Models\\User','{\"attributes\":{\"name\":\"employees\",\"slug\":\"employees\",\"display_name_singular\":\"Employees\",\"display_name_plural\":\"Employees\",\"icon\":null,\"model_name\":null,\"policy_name\":null,\"controller\":null,\"order_column\":null,\"order_display_column\":null,\"order_direction\":null,\"generate_permissions\":true,\"server_side\":false,\"description\":null,\"details\":null,\"notification\":\"[]\",\"is_soft_delete\":false,\"updated_at\":\"2024-01-10T01:35:47.000000Z\",\"created_at\":\"2024-01-10T01:35:47.000000Z\",\"id\":3,\"data_rows\":[{\"id\":17,\"data_type_id\":3,\"field\":\"id\",\"type\":\"number\",\"display_name\":\"Id\",\"required\":1,\"browse\":0,\"read\":0,\"edit\":0,\"add\":0,\"delete\":0,\"details\":\"{}\",\"relation\":null,\"order\":1},{\"id\":18,\"data_type_id\":3,\"field\":\"user_id\",\"type\":\"relation\",\"display_name\":\"User\",\"required\":1,\"browse\":1,\"read\":1,\"edit\":1,\"add\":1,\"delete\":1,\"details\":\"{}\",\"relation\":{\"relation_type\":\"belongs_to\",\"destination_table\":\"badaso_users\",\"destination_table_column\":\"id\",\"destination_table_display_column\":\"name\",\"destination_table_display_more_column\":[\"id\",\"name\"]},\"order\":2},{\"id\":19,\"data_type_id\":3,\"field\":\"position\",\"type\":\"text\",\"display_name\":\"Position\",\"required\":1,\"browse\":1,\"read\":1,\"edit\":1,\"add\":1,\"delete\":1,\"details\":\"{}\",\"relation\":null,\"order\":3},{\"id\":20,\"data_type_id\":3,\"field\":\"status\",\"type\":\"select\",\"display_name\":\"Status\",\"required\":1,\"browse\":1,\"read\":1,\"edit\":1,\"add\":1,\"delete\":1,\"details\":\"{\\nsize:12,\\nitems:[\\n{\\nlabel:\\\"Diterima kerja\\\",\\nvalue:\\\"Diterima kerja\\\"\\n}\\n]\\n}\",\"relation\":null,\"order\":4},{\"id\":21,\"data_type_id\":3,\"field\":\"status_booking\",\"type\":\"search\",\"display_name\":\"Status Booking\",\"required\":1,\"browse\":1,\"read\":1,\"edit\":1,\"add\":1,\"delete\":1,\"details\":\"{\\nsize:12,\\nitems:[\\n{\\nlabel:\\\"Aku bekerja\\\",\\nvalue:\\\"Aku bekerja\\\"\\n},\\n{\\nlabel:\\\"Aku belum bekerja\\\",\\nvalue:\\\"Aku belum bekerja\\\"\\n},\\n]\\n}\",\"relation\":null,\"order\":5},{\"id\":22,\"data_type_id\":3,\"field\":\"created_at\",\"type\":\"datetime\",\"display_name\":\"Created At\",\"required\":0,\"browse\":1,\"read\":1,\"edit\":0,\"add\":0,\"delete\":0,\"details\":\"{}\",\"relation\":null,\"order\":6},{\"id\":23,\"data_type_id\":3,\"field\":\"updated_at\",\"type\":\"datetime\",\"display_name\":\"Updated At\",\"required\":0,\"browse\":1,\"read\":1,\"edit\":0,\"add\":0,\"delete\":0,\"details\":\"{}\",\"relation\":null,\"order\":7}]}}',NULL,'2024-01-10 01:35:48','2024-01-10 01:35:48'),(14,'CRUD','CRUD table employees has been updated',3,'Uasoft\\Badaso\\Models\\DataType','updated',1,'Uasoft\\Badaso\\Models\\User','{\"old\":{\"id\":3,\"name\":\"employees\",\"slug\":\"employees\",\"display_name_singular\":\"Employees\",\"display_name_plural\":\"Employees\",\"icon\":null,\"model_name\":null,\"policy_name\":null,\"controller\":null,\"order_column\":null,\"order_display_column\":null,\"order_direction\":null,\"generate_permissions\":true,\"server_side\":false,\"is_maintenance\":0,\"description\":null,\"details\":null,\"notification\":\"[]\",\"is_soft_delete\":false,\"created_at\":\"2024-01-10T01:35:47.000000Z\",\"updated_at\":\"2024-01-10T01:36:21.000000Z\",\"data_rows\":[{\"id\":24,\"data_type_id\":3,\"field\":\"id\",\"type\":\"number\",\"display_name\":\"Id\",\"required\":1,\"browse\":0,\"read\":0,\"edit\":0,\"add\":0,\"delete\":0,\"details\":\"{}\",\"relation\":null,\"order\":1},{\"id\":25,\"data_type_id\":3,\"field\":\"user_id\",\"type\":\"relation\",\"display_name\":\"User\",\"required\":1,\"browse\":1,\"read\":1,\"edit\":1,\"add\":1,\"delete\":1,\"details\":\"{}\",\"relation\":{\"relation_type\":\"belongs_to\",\"destination_table\":\"badaso_users\",\"destination_table_column\":\"id\",\"destination_table_display_column\":\"name\",\"destination_table_display_more_column\":[\"id\",\"name\"]},\"order\":2},{\"id\":26,\"data_type_id\":3,\"field\":\"position\",\"type\":\"text\",\"display_name\":\"Position\",\"required\":1,\"browse\":1,\"read\":1,\"edit\":1,\"add\":1,\"delete\":1,\"details\":\"{}\",\"relation\":null,\"order\":3},{\"id\":27,\"data_type_id\":3,\"field\":\"status\",\"type\":\"select\",\"display_name\":\"Status\",\"required\":1,\"browse\":1,\"read\":1,\"edit\":1,\"add\":1,\"delete\":1,\"details\":\"{\\nsize:12,\\nitems:[\\n{\\nlabel:\\\"Diterima kerja\\\",\\nvalue:\\\"Diterima kerja\\\"\\n}\\n]\\n}\",\"relation\":null,\"order\":4},{\"id\":28,\"data_type_id\":3,\"field\":\"status_booking\",\"type\":\"search\",\"display_name\":\"Status Booking\",\"required\":1,\"browse\":1,\"read\":1,\"edit\":1,\"add\":1,\"delete\":1,\"details\":\"{\\nsize:12,\\nitems:[\\n{\\nlabel:\\\"Aku bekerja\\\",\\nvalue:\\\"Aku bekerja\\\"\\n},\\n{\\nlabel:\\\"Aku belum bekerja\\\",\\nvalue:\\\"Aku belum bekerja\\\"\\n}\\n]\\n}\",\"relation\":null,\"order\":5},{\"id\":29,\"data_type_id\":3,\"field\":\"created_at\",\"type\":\"datetime\",\"display_name\":\"Created At\",\"required\":0,\"browse\":1,\"read\":1,\"edit\":0,\"add\":0,\"delete\":0,\"details\":\"{}\",\"relation\":null,\"order\":6},{\"id\":30,\"data_type_id\":3,\"field\":\"updated_at\",\"type\":\"datetime\",\"display_name\":\"Updated At\",\"required\":0,\"browse\":1,\"read\":1,\"edit\":0,\"add\":0,\"delete\":0,\"details\":\"{}\",\"relation\":null,\"order\":7}]},\"new\":{\"id\":3,\"name\":\"employees\",\"slug\":\"employees\",\"displayNameSingular\":\"Employees\",\"displayNamePlural\":\"Employees\",\"icon\":null,\"modelName\":null,\"policyName\":null,\"controller\":null,\"orderColumn\":null,\"orderDisplayColumn\":null,\"orderDirection\":null,\"generatePermissions\":true,\"serverSide\":false,\"isMaintenance\":0,\"description\":null,\"details\":null,\"notification\":[],\"isSoftDelete\":0,\"createdAt\":\"2024-01-10T01:35:47.000000Z\",\"updatedAt\":\"2024-01-10T01:35:47.000000Z\",\"dataRows\":[{\"id\":17,\"dataTypeId\":3,\"field\":\"id\",\"type\":\"number\",\"displayName\":\"Id\",\"required\":1,\"browse\":0,\"read\":0,\"edit\":0,\"add\":0,\"delete\":0,\"details\":\"{}\",\"relation\":null,\"order\":1},{\"id\":18,\"dataTypeId\":3,\"field\":\"user_id\",\"type\":\"relation\",\"displayName\":\"User\",\"required\":1,\"browse\":1,\"read\":1,\"edit\":1,\"add\":1,\"delete\":1,\"details\":\"{}\",\"relation\":{\"relationType\":\"belongs_to\",\"destinationTable\":\"badaso_users\",\"destinationTableColumn\":\"id\",\"destinationTableDisplayColumn\":\"name\",\"destinationTableDisplayMoreColumn\":[\"id\",\"name\"]},\"order\":2},{\"id\":19,\"dataTypeId\":3,\"field\":\"position\",\"type\":\"text\",\"displayName\":\"Position\",\"required\":1,\"browse\":1,\"read\":1,\"edit\":1,\"add\":1,\"delete\":1,\"details\":\"{}\",\"relation\":null,\"order\":3},{\"id\":20,\"dataTypeId\":3,\"field\":\"status\",\"type\":\"select\",\"displayName\":\"Status\",\"required\":1,\"browse\":1,\"read\":1,\"edit\":1,\"add\":1,\"delete\":1,\"details\":\"{\\nsize:12,\\nitems:[\\n{\\nlabel:\\\"Diterima kerja\\\",\\nvalue:\\\"Diterima kerja\\\"\\n}\\n]\\n}\",\"relation\":null,\"order\":4},{\"id\":21,\"dataTypeId\":3,\"field\":\"status_booking\",\"type\":\"search\",\"displayName\":\"Status Booking\",\"required\":1,\"browse\":1,\"read\":1,\"edit\":1,\"add\":1,\"delete\":1,\"details\":\"{\\nsize:12,\\nitems:[\\n{\\nlabel:\\\"Aku bekerja\\\",\\nvalue:\\\"Aku bekerja\\\"\\n},\\n{\\nlabel:\\\"Aku belum bekerja\\\",\\nvalue:\\\"Aku belum bekerja\\\"\\n},\\n]\\n}\",\"relation\":null,\"order\":5},{\"id\":22,\"dataTypeId\":3,\"field\":\"created_at\",\"type\":\"datetime\",\"displayName\":\"Created At\",\"required\":0,\"browse\":1,\"read\":1,\"edit\":0,\"add\":0,\"delete\":0,\"details\":\"{}\",\"relation\":null,\"order\":6},{\"id\":23,\"dataTypeId\":3,\"field\":\"updated_at\",\"type\":\"datetime\",\"displayName\":\"Updated At\",\"required\":0,\"browse\":1,\"read\":1,\"edit\":0,\"add\":0,\"delete\":0,\"details\":\"{}\",\"relation\":null,\"order\":7}],\"createSoftDelete\":false,\"rows\":[{\"label\":\"id\",\"value\":\"id\",\"field\":\"id\",\"type\":\"number\",\"display_name\":\"Id\",\"required\":true,\"browse\":false,\"read\":false,\"edit\":false,\"add\":false,\"delete\":false,\"details\":\"{}\",\"relation_type\":null,\"destination_table\":null,\"destination_table_column\":null,\"destination_table_display_column\":null,\"destination_table_display_more_column\":null,\"order\":1,\"set_relation\":false},{\"label\":\"user_id\",\"value\":\"user_id\",\"field\":\"user_id\",\"type\":\"relation\",\"display_name\":\"User\",\"required\":true,\"browse\":true,\"read\":true,\"edit\":true,\"add\":true,\"delete\":true,\"details\":\"{}\",\"relation_type\":\"belongs_to\",\"destination_table\":\"badaso_users\",\"destination_table_column\":\"id\",\"destination_table_display_column\":\"name\",\"destination_table_display_more_column\":[\"id\",\"name\"],\"order\":2,\"set_relation\":false},{\"label\":\"position\",\"value\":\"position\",\"field\":\"position\",\"type\":\"text\",\"display_name\":\"Position\",\"required\":true,\"browse\":true,\"read\":true,\"edit\":true,\"add\":true,\"delete\":true,\"details\":\"{}\",\"relation_type\":null,\"destination_table\":null,\"destination_table_column\":null,\"destination_table_display_column\":null,\"destination_table_display_more_column\":null,\"order\":3,\"set_relation\":false},{\"label\":\"status\",\"value\":\"status\",\"field\":\"status\",\"type\":\"select\",\"display_name\":\"Status\",\"required\":true,\"browse\":true,\"read\":true,\"edit\":true,\"add\":true,\"delete\":true,\"details\":\"{\\nsize:12,\\nitems:[\\n{\\nlabel:\\\"Diterima kerja\\\",\\nvalue:\\\"Diterima kerja\\\"\\n}\\n]\\n}\",\"relation_type\":null,\"destination_table\":null,\"destination_table_column\":null,\"destination_table_display_column\":null,\"destination_table_display_more_column\":null,\"order\":4,\"set_relation\":false},{\"label\":\"status_booking\",\"value\":\"status_booking\",\"field\":\"status_booking\",\"type\":\"search\",\"display_name\":\"Status Booking\",\"required\":true,\"browse\":true,\"read\":true,\"edit\":true,\"add\":true,\"delete\":true,\"details\":\"{\\nsize:12,\\nitems:[\\n{\\nlabel:\\\"Aku bekerja\\\",\\nvalue:\\\"Aku bekerja\\\"\\n},\\n{\\nlabel:\\\"Aku belum bekerja\\\",\\nvalue:\\\"Aku belum bekerja\\\"\\n}\\n]\\n}\",\"relation_type\":null,\"destination_table\":null,\"destination_table_column\":null,\"destination_table_display_column\":null,\"destination_table_display_more_column\":null,\"order\":5,\"set_relation\":false},{\"label\":\"created_at\",\"value\":\"created_at\",\"field\":\"created_at\",\"type\":\"datetime\",\"display_name\":\"Created At\",\"required\":false,\"browse\":true,\"read\":true,\"edit\":false,\"add\":false,\"delete\":false,\"details\":\"{}\",\"relation_type\":null,\"destination_table\":null,\"destination_table_column\":null,\"destination_table_display_column\":null,\"destination_table_display_more_column\":null,\"order\":6,\"set_relation\":false},{\"label\":\"updated_at\",\"value\":\"updated_at\",\"field\":\"updated_at\",\"type\":\"datetime\",\"display_name\":\"Updated At\",\"required\":false,\"browse\":true,\"read\":true,\"edit\":false,\"add\":false,\"delete\":false,\"details\":\"{}\",\"relation_type\":null,\"destination_table\":null,\"destination_table_column\":null,\"destination_table_display_column\":null,\"destination_table_display_more_column\":null,\"order\":7,\"set_relation\":false}],\"display_name_singular\":\"Employees\",\"display_name_plural\":\"Employees\",\"model_name\":null,\"policy_name\":null,\"order_column\":null,\"order_display_column\":null,\"order_direction\":null,\"generate_permissions\":true,\"server_side\":false,\"is_maintenance\":0,\"is_soft_delete\":0,\"created_at\":\"2024-01-10T01:35:47.000000Z\",\"updated_at\":\"2024-01-10T01:35:47.000000Z\",\"data_rows\":[{\"id\":17,\"data_type_id\":3,\"field\":\"id\",\"type\":\"number\",\"display_name\":\"Id\",\"required\":1,\"browse\":0,\"read\":0,\"edit\":0,\"add\":0,\"delete\":0,\"details\":\"{}\",\"relation\":null,\"order\":1},{\"id\":18,\"data_type_id\":3,\"field\":\"user_id\",\"type\":\"relation\",\"display_name\":\"User\",\"required\":1,\"browse\":1,\"read\":1,\"edit\":1,\"add\":1,\"delete\":1,\"details\":\"{}\",\"relation\":{\"relation_type\":\"belongs_to\",\"destination_table\":\"badaso_users\",\"destination_table_column\":\"id\",\"destination_table_display_column\":\"name\",\"destination_table_display_more_column\":[\"id\",\"name\"]},\"order\":2},{\"id\":19,\"data_type_id\":3,\"field\":\"position\",\"type\":\"text\",\"display_name\":\"Position\",\"required\":1,\"browse\":1,\"read\":1,\"edit\":1,\"add\":1,\"delete\":1,\"details\":\"{}\",\"relation\":null,\"order\":3},{\"id\":20,\"data_type_id\":3,\"field\":\"status\",\"type\":\"select\",\"display_name\":\"Status\",\"required\":1,\"browse\":1,\"read\":1,\"edit\":1,\"add\":1,\"delete\":1,\"details\":\"{\\nsize:12,\\nitems:[\\n{\\nlabel:\\\"Diterima kerja\\\",\\nvalue:\\\"Diterima kerja\\\"\\n}\\n]\\n}\",\"relation\":null,\"order\":4},{\"id\":21,\"data_type_id\":3,\"field\":\"status_booking\",\"type\":\"search\",\"display_name\":\"Status Booking\",\"required\":1,\"browse\":1,\"read\":1,\"edit\":1,\"add\":1,\"delete\":1,\"details\":\"{\\nsize:12,\\nitems:[\\n{\\nlabel:\\\"Aku bekerja\\\",\\nvalue:\\\"Aku bekerja\\\"\\n},\\n{\\nlabel:\\\"Aku belum bekerja\\\",\\nvalue:\\\"Aku belum bekerja\\\"\\n},\\n]\\n}\",\"relation\":null,\"order\":5},{\"id\":22,\"data_type_id\":3,\"field\":\"created_at\",\"type\":\"datetime\",\"display_name\":\"Created At\",\"required\":0,\"browse\":1,\"read\":1,\"edit\":0,\"add\":0,\"delete\":0,\"details\":\"{}\",\"relation\":null,\"order\":6},{\"id\":23,\"data_type_id\":3,\"field\":\"updated_at\",\"type\":\"datetime\",\"display_name\":\"Updated At\",\"required\":0,\"browse\":1,\"read\":1,\"edit\":0,\"add\":0,\"delete\":0,\"details\":\"{}\",\"relation\":null,\"order\":7}],\"create_soft_delete\":false}}',NULL,'2024-01-10 01:36:22','2024-01-10 01:36:22'),(15,'CRUD','CRUD table employees has been updated',3,'Uasoft\\Badaso\\Models\\DataType','updated',1,'Uasoft\\Badaso\\Models\\User','{\"old\":{\"id\":3,\"name\":\"employees\",\"slug\":\"employees\",\"display_name_singular\":\"Employees\",\"display_name_plural\":\"Employees\",\"icon\":null,\"model_name\":null,\"policy_name\":null,\"controller\":null,\"order_column\":null,\"order_display_column\":null,\"order_direction\":null,\"generate_permissions\":true,\"server_side\":false,\"is_maintenance\":0,\"description\":null,\"details\":null,\"notification\":\"[]\",\"is_soft_delete\":false,\"created_at\":\"2024-01-10T01:35:47.000000Z\",\"updated_at\":\"2024-01-10T01:38:40.000000Z\",\"data_rows\":[{\"id\":31,\"data_type_id\":3,\"field\":\"id\",\"type\":\"number\",\"display_name\":\"Id\",\"required\":1,\"browse\":0,\"read\":0,\"edit\":0,\"add\":0,\"delete\":0,\"details\":\"{}\",\"relation\":null,\"order\":1},{\"id\":32,\"data_type_id\":3,\"field\":\"user_id\",\"type\":\"relation\",\"display_name\":\"User\",\"required\":1,\"browse\":1,\"read\":1,\"edit\":1,\"add\":1,\"delete\":1,\"details\":\"{}\",\"relation\":{\"relation_type\":\"belongs_to\",\"destination_table\":\"badaso_users\",\"destination_table_column\":\"id\",\"destination_table_display_column\":\"name\",\"destination_table_display_more_column\":[\"id\",\"name\"]},\"order\":2},{\"id\":33,\"data_type_id\":3,\"field\":\"position\",\"type\":\"text\",\"display_name\":\"Position\",\"required\":1,\"browse\":1,\"read\":1,\"edit\":1,\"add\":1,\"delete\":1,\"details\":\"{}\",\"relation\":null,\"order\":3},{\"id\":34,\"data_type_id\":3,\"field\":\"status\",\"type\":\"select\",\"display_name\":\"Status\",\"required\":1,\"browse\":1,\"read\":1,\"edit\":1,\"add\":1,\"delete\":1,\"details\":\"{\\n   \\\"size\\\":12,\\n   \\\"items\\\":[\\n      {\\n         \\\"label\\\":\\\"Diterima kerja\\\",\\n         \\\"value\\\":\\\"Diterima kerja\\\"\\n      }\\n   ]\\n}\",\"relation\":null,\"order\":4},{\"id\":35,\"data_type_id\":3,\"field\":\"status_booking\",\"type\":\"search\",\"display_name\":\"Status Booking\",\"required\":1,\"browse\":1,\"read\":1,\"edit\":1,\"add\":1,\"delete\":1,\"details\":\"{\\n   \\\"size\\\":12,\\n   \\\"items\\\":[\\n      {\\n         \\\"label\\\":\\\"Aku bekerja\\\",\\n         \\\"value\\\":\\\"Aku bekerja\\\"\\n      },\\n      {\\n         \\\"label\\\":\\\"Aku belum bekerja\\\",\\n         \\\"value\\\":\\\"Aku belum bekerja\\\"\\n      }\\n   ]\\n}\",\"relation\":null,\"order\":5},{\"id\":36,\"data_type_id\":3,\"field\":\"created_at\",\"type\":\"datetime\",\"display_name\":\"Created At\",\"required\":0,\"browse\":1,\"read\":1,\"edit\":0,\"add\":0,\"delete\":0,\"details\":\"{}\",\"relation\":null,\"order\":6},{\"id\":37,\"data_type_id\":3,\"field\":\"updated_at\",\"type\":\"datetime\",\"display_name\":\"Updated At\",\"required\":0,\"browse\":1,\"read\":1,\"edit\":0,\"add\":0,\"delete\":0,\"details\":\"{}\",\"relation\":null,\"order\":7}]},\"new\":{\"id\":3,\"name\":\"employees\",\"slug\":\"employees\",\"displayNameSingular\":\"Employees\",\"displayNamePlural\":\"Employees\",\"icon\":null,\"modelName\":null,\"policyName\":null,\"controller\":null,\"orderColumn\":null,\"orderDisplayColumn\":null,\"orderDirection\":null,\"generatePermissions\":true,\"serverSide\":false,\"isMaintenance\":0,\"description\":null,\"details\":null,\"notification\":[],\"isSoftDelete\":0,\"createdAt\":\"2024-01-10T01:35:47.000000Z\",\"updatedAt\":\"2024-01-10T01:36:21.000000Z\",\"dataRows\":[{\"id\":24,\"dataTypeId\":3,\"field\":\"id\",\"type\":\"number\",\"displayName\":\"Id\",\"required\":1,\"browse\":0,\"read\":0,\"edit\":0,\"add\":0,\"delete\":0,\"details\":\"{}\",\"relation\":null,\"order\":1},{\"id\":25,\"dataTypeId\":3,\"field\":\"user_id\",\"type\":\"relation\",\"displayName\":\"User\",\"required\":1,\"browse\":1,\"read\":1,\"edit\":1,\"add\":1,\"delete\":1,\"details\":\"{}\",\"relation\":{\"relationType\":\"belongs_to\",\"destinationTable\":\"badaso_users\",\"destinationTableColumn\":\"id\",\"destinationTableDisplayColumn\":\"name\",\"destinationTableDisplayMoreColumn\":[\"id\",\"name\"]},\"order\":2},{\"id\":26,\"dataTypeId\":3,\"field\":\"position\",\"type\":\"text\",\"displayName\":\"Position\",\"required\":1,\"browse\":1,\"read\":1,\"edit\":1,\"add\":1,\"delete\":1,\"details\":\"{}\",\"relation\":null,\"order\":3},{\"id\":27,\"dataTypeId\":3,\"field\":\"status\",\"type\":\"select\",\"displayName\":\"Status\",\"required\":1,\"browse\":1,\"read\":1,\"edit\":1,\"add\":1,\"delete\":1,\"details\":\"{\\nsize:12,\\nitems:[\\n{\\nlabel:\\\"Diterima kerja\\\",\\nvalue:\\\"Diterima kerja\\\"\\n}\\n]\\n}\",\"relation\":null,\"order\":4},{\"id\":28,\"dataTypeId\":3,\"field\":\"status_booking\",\"type\":\"search\",\"displayName\":\"Status Booking\",\"required\":1,\"browse\":1,\"read\":1,\"edit\":1,\"add\":1,\"delete\":1,\"details\":\"{\\nsize:12,\\nitems:[\\n{\\nlabel:\\\"Aku bekerja\\\",\\nvalue:\\\"Aku bekerja\\\"\\n},\\n{\\nlabel:\\\"Aku belum bekerja\\\",\\nvalue:\\\"Aku belum bekerja\\\"\\n}\\n]\\n}\",\"relation\":null,\"order\":5},{\"id\":29,\"dataTypeId\":3,\"field\":\"created_at\",\"type\":\"datetime\",\"displayName\":\"Created At\",\"required\":0,\"browse\":1,\"read\":1,\"edit\":0,\"add\":0,\"delete\":0,\"details\":\"{}\",\"relation\":null,\"order\":6},{\"id\":30,\"dataTypeId\":3,\"field\":\"updated_at\",\"type\":\"datetime\",\"displayName\":\"Updated At\",\"required\":0,\"browse\":1,\"read\":1,\"edit\":0,\"add\":0,\"delete\":0,\"details\":\"{}\",\"relation\":null,\"order\":7}],\"createSoftDelete\":false,\"rows\":[{\"label\":\"id\",\"value\":\"id\",\"field\":\"id\",\"type\":\"number\",\"display_name\":\"Id\",\"required\":true,\"browse\":false,\"read\":false,\"edit\":false,\"add\":false,\"delete\":false,\"details\":\"{}\",\"relation_type\":null,\"destination_table\":null,\"destination_table_column\":null,\"destination_table_display_column\":null,\"destination_table_display_more_column\":null,\"order\":1,\"set_relation\":false},{\"label\":\"user_id\",\"value\":\"user_id\",\"field\":\"user_id\",\"type\":\"relation\",\"display_name\":\"User\",\"required\":true,\"browse\":true,\"read\":true,\"edit\":true,\"add\":true,\"delete\":true,\"details\":\"{}\",\"relation_type\":\"belongs_to\",\"destination_table\":\"badaso_users\",\"destination_table_column\":\"id\",\"destination_table_display_column\":\"name\",\"destination_table_display_more_column\":[\"id\",\"name\"],\"order\":2,\"set_relation\":false},{\"label\":\"position\",\"value\":\"position\",\"field\":\"position\",\"type\":\"text\",\"display_name\":\"Position\",\"required\":true,\"browse\":true,\"read\":true,\"edit\":true,\"add\":true,\"delete\":true,\"details\":\"{}\",\"relation_type\":null,\"destination_table\":null,\"destination_table_column\":null,\"destination_table_display_column\":null,\"destination_table_display_more_column\":null,\"order\":3,\"set_relation\":false},{\"label\":\"status\",\"value\":\"status\",\"field\":\"status\",\"type\":\"select\",\"display_name\":\"Status\",\"required\":true,\"browse\":true,\"read\":true,\"edit\":true,\"add\":true,\"delete\":true,\"details\":\"{\\n   \\\"size\\\":12,\\n   \\\"items\\\":[\\n      {\\n         \\\"label\\\":\\\"Diterima kerja\\\",\\n         \\\"value\\\":\\\"Diterima kerja\\\"\\n      }\\n   ]\\n}\",\"relation_type\":null,\"destination_table\":null,\"destination_table_column\":null,\"destination_table_display_column\":null,\"destination_table_display_more_column\":null,\"order\":4,\"set_relation\":false},{\"label\":\"status_booking\",\"value\":\"status_booking\",\"field\":\"status_booking\",\"type\":\"search\",\"display_name\":\"Status Booking\",\"required\":true,\"browse\":true,\"read\":true,\"edit\":true,\"add\":true,\"delete\":true,\"details\":\"{\\n   \\\"size\\\":12,\\n   \\\"items\\\":[\\n      {\\n         \\\"label\\\":\\\"Aku bekerja\\\",\\n         \\\"value\\\":\\\"Aku bekerja\\\"\\n      },\\n      {\\n         \\\"label\\\":\\\"Aku belum bekerja\\\",\\n         \\\"value\\\":\\\"Aku belum bekerja\\\"\\n      }\\n   ]\\n}\",\"relation_type\":null,\"destination_table\":null,\"destination_table_column\":null,\"destination_table_display_column\":null,\"destination_table_display_more_column\":null,\"order\":5,\"set_relation\":false},{\"label\":\"created_at\",\"value\":\"created_at\",\"field\":\"created_at\",\"type\":\"datetime\",\"display_name\":\"Created At\",\"required\":false,\"browse\":true,\"read\":true,\"edit\":false,\"add\":false,\"delete\":false,\"details\":\"{}\",\"relation_type\":null,\"destination_table\":null,\"destination_table_column\":null,\"destination_table_display_column\":null,\"destination_table_display_more_column\":null,\"order\":6,\"set_relation\":false},{\"label\":\"updated_at\",\"value\":\"updated_at\",\"field\":\"updated_at\",\"type\":\"datetime\",\"display_name\":\"Updated At\",\"required\":false,\"browse\":true,\"read\":true,\"edit\":false,\"add\":false,\"delete\":false,\"details\":\"{}\",\"relation_type\":null,\"destination_table\":null,\"destination_table_column\":null,\"destination_table_display_column\":null,\"destination_table_display_more_column\":null,\"order\":7,\"set_relation\":false}],\"display_name_singular\":\"Employees\",\"display_name_plural\":\"Employees\",\"model_name\":null,\"policy_name\":null,\"order_column\":null,\"order_display_column\":null,\"order_direction\":null,\"generate_permissions\":true,\"server_side\":false,\"is_maintenance\":0,\"is_soft_delete\":0,\"created_at\":\"2024-01-10T01:35:47.000000Z\",\"updated_at\":\"2024-01-10T01:36:21.000000Z\",\"data_rows\":[{\"id\":24,\"data_type_id\":3,\"field\":\"id\",\"type\":\"number\",\"display_name\":\"Id\",\"required\":1,\"browse\":0,\"read\":0,\"edit\":0,\"add\":0,\"delete\":0,\"details\":\"{}\",\"relation\":null,\"order\":1},{\"id\":25,\"data_type_id\":3,\"field\":\"user_id\",\"type\":\"relation\",\"display_name\":\"User\",\"required\":1,\"browse\":1,\"read\":1,\"edit\":1,\"add\":1,\"delete\":1,\"details\":\"{}\",\"relation\":{\"relation_type\":\"belongs_to\",\"destination_table\":\"badaso_users\",\"destination_table_column\":\"id\",\"destination_table_display_column\":\"name\",\"destination_table_display_more_column\":[\"id\",\"name\"]},\"order\":2},{\"id\":26,\"data_type_id\":3,\"field\":\"position\",\"type\":\"text\",\"display_name\":\"Position\",\"required\":1,\"browse\":1,\"read\":1,\"edit\":1,\"add\":1,\"delete\":1,\"details\":\"{}\",\"relation\":null,\"order\":3},{\"id\":27,\"data_type_id\":3,\"field\":\"status\",\"type\":\"select\",\"display_name\":\"Status\",\"required\":1,\"browse\":1,\"read\":1,\"edit\":1,\"add\":1,\"delete\":1,\"details\":\"{\\nsize:12,\\nitems:[\\n{\\nlabel:\\\"Diterima kerja\\\",\\nvalue:\\\"Diterima kerja\\\"\\n}\\n]\\n}\",\"relation\":null,\"order\":4},{\"id\":28,\"data_type_id\":3,\"field\":\"status_booking\",\"type\":\"search\",\"display_name\":\"Status Booking\",\"required\":1,\"browse\":1,\"read\":1,\"edit\":1,\"add\":1,\"delete\":1,\"details\":\"{\\nsize:12,\\nitems:[\\n{\\nlabel:\\\"Aku bekerja\\\",\\nvalue:\\\"Aku bekerja\\\"\\n},\\n{\\nlabel:\\\"Aku belum bekerja\\\",\\nvalue:\\\"Aku belum bekerja\\\"\\n}\\n]\\n}\",\"relation\":null,\"order\":5},{\"id\":29,\"data_type_id\":3,\"field\":\"created_at\",\"type\":\"datetime\",\"display_name\":\"Created At\",\"required\":0,\"browse\":1,\"read\":1,\"edit\":0,\"add\":0,\"delete\":0,\"details\":\"{}\",\"relation\":null,\"order\":6},{\"id\":30,\"data_type_id\":3,\"field\":\"updated_at\",\"type\":\"datetime\",\"display_name\":\"Updated At\",\"required\":0,\"browse\":1,\"read\":1,\"edit\":0,\"add\":0,\"delete\":0,\"details\":\"{}\",\"relation\":null,\"order\":7}],\"create_soft_delete\":false}}',NULL,'2024-01-10 01:38:40','2024-01-10 01:38:40'),(16,'CRUD','CRUD table employees has been updated',3,'Uasoft\\Badaso\\Models\\DataType','updated',1,'Uasoft\\Badaso\\Models\\User','{\"old\":{\"id\":3,\"name\":\"employees\",\"slug\":\"employees\",\"display_name_singular\":\"Employees\",\"display_name_plural\":\"Employees\",\"icon\":null,\"model_name\":null,\"policy_name\":null,\"controller\":null,\"order_column\":null,\"order_display_column\":null,\"order_direction\":null,\"generate_permissions\":true,\"server_side\":false,\"is_maintenance\":0,\"description\":null,\"details\":null,\"notification\":\"[]\",\"is_soft_delete\":false,\"created_at\":\"2024-01-10T01:35:47.000000Z\",\"updated_at\":\"2024-01-10T01:39:20.000000Z\",\"data_rows\":[{\"id\":38,\"data_type_id\":3,\"field\":\"id\",\"type\":\"number\",\"display_name\":\"Id\",\"required\":1,\"browse\":0,\"read\":0,\"edit\":0,\"add\":0,\"delete\":0,\"details\":\"{}\",\"relation\":null,\"order\":1},{\"id\":39,\"data_type_id\":3,\"field\":\"user_id\",\"type\":\"relation\",\"display_name\":\"User\",\"required\":1,\"browse\":1,\"read\":1,\"edit\":1,\"add\":1,\"delete\":1,\"details\":\"{}\",\"relation\":{\"relation_type\":\"belongs_to\",\"destination_table\":\"badaso_users\",\"destination_table_column\":\"id\",\"destination_table_display_column\":\"name\",\"destination_table_display_more_column\":[\"id\",\"name\"]},\"order\":2},{\"id\":40,\"data_type_id\":3,\"field\":\"position\",\"type\":\"text\",\"display_name\":\"Position\",\"required\":1,\"browse\":1,\"read\":1,\"edit\":1,\"add\":1,\"delete\":1,\"details\":\"{}\",\"relation\":null,\"order\":3},{\"id\":41,\"data_type_id\":3,\"field\":\"status\",\"type\":\"select\",\"display_name\":\"Status\",\"required\":1,\"browse\":1,\"read\":1,\"edit\":1,\"add\":1,\"delete\":1,\"details\":\"{\\n   \\\"size\\\":12,\\n   \\\"items\\\":[\\n      {\\n         \\\"label\\\":\\\"Diterima kerja\\\",\\n         \\\"value\\\":\\\"Diterima kerja\\\"\\n      }\\n   ]\\n}\",\"relation\":null,\"order\":4},{\"id\":42,\"data_type_id\":3,\"field\":\"status_booking\",\"type\":\"select\",\"display_name\":\"Status Booking\",\"required\":1,\"browse\":1,\"read\":1,\"edit\":1,\"add\":1,\"delete\":1,\"details\":\"{\\n   \\\"size\\\":12,\\n   \\\"items\\\":[\\n      {\\n         \\\"label\\\":\\\"Aku bekerja\\\",\\n         \\\"value\\\":\\\"Aku bekerja\\\"\\n      },\\n      {\\n         \\\"label\\\":\\\"Aku belum bekerja\\\",\\n         \\\"value\\\":\\\"Aku belum bekerja\\\"\\n      }\\n   ]\\n}\",\"relation\":null,\"order\":5},{\"id\":43,\"data_type_id\":3,\"field\":\"created_at\",\"type\":\"datetime\",\"display_name\":\"Created At\",\"required\":0,\"browse\":1,\"read\":1,\"edit\":0,\"add\":0,\"delete\":0,\"details\":\"{}\",\"relation\":null,\"order\":6},{\"id\":44,\"data_type_id\":3,\"field\":\"updated_at\",\"type\":\"datetime\",\"display_name\":\"Updated At\",\"required\":0,\"browse\":1,\"read\":1,\"edit\":0,\"add\":0,\"delete\":0,\"details\":\"{}\",\"relation\":null,\"order\":7}]},\"new\":{\"id\":3,\"name\":\"employees\",\"slug\":\"employees\",\"displayNameSingular\":\"Employees\",\"displayNamePlural\":\"Employees\",\"icon\":null,\"modelName\":null,\"policyName\":null,\"controller\":null,\"orderColumn\":null,\"orderDisplayColumn\":null,\"orderDirection\":null,\"generatePermissions\":true,\"serverSide\":false,\"isMaintenance\":0,\"description\":null,\"details\":null,\"notification\":[],\"isSoftDelete\":0,\"createdAt\":\"2024-01-10T01:35:47.000000Z\",\"updatedAt\":\"2024-01-10T01:38:40.000000Z\",\"dataRows\":[{\"id\":31,\"dataTypeId\":3,\"field\":\"id\",\"type\":\"number\",\"displayName\":\"Id\",\"required\":1,\"browse\":0,\"read\":0,\"edit\":0,\"add\":0,\"delete\":0,\"details\":\"{}\",\"relation\":null,\"order\":1},{\"id\":32,\"dataTypeId\":3,\"field\":\"user_id\",\"type\":\"relation\",\"displayName\":\"User\",\"required\":1,\"browse\":1,\"read\":1,\"edit\":1,\"add\":1,\"delete\":1,\"details\":\"{}\",\"relation\":{\"relationType\":\"belongs_to\",\"destinationTable\":\"badaso_users\",\"destinationTableColumn\":\"id\",\"destinationTableDisplayColumn\":\"name\",\"destinationTableDisplayMoreColumn\":[\"id\",\"name\"]},\"order\":2},{\"id\":33,\"dataTypeId\":3,\"field\":\"position\",\"type\":\"text\",\"displayName\":\"Position\",\"required\":1,\"browse\":1,\"read\":1,\"edit\":1,\"add\":1,\"delete\":1,\"details\":\"{}\",\"relation\":null,\"order\":3},{\"id\":34,\"dataTypeId\":3,\"field\":\"status\",\"type\":\"select\",\"displayName\":\"Status\",\"required\":1,\"browse\":1,\"read\":1,\"edit\":1,\"add\":1,\"delete\":1,\"details\":\"{\\n   \\\"size\\\":12,\\n   \\\"items\\\":[\\n      {\\n         \\\"label\\\":\\\"Diterima kerja\\\",\\n         \\\"value\\\":\\\"Diterima kerja\\\"\\n      }\\n   ]\\n}\",\"relation\":null,\"order\":4},{\"id\":35,\"dataTypeId\":3,\"field\":\"status_booking\",\"type\":\"search\",\"displayName\":\"Status Booking\",\"required\":1,\"browse\":1,\"read\":1,\"edit\":1,\"add\":1,\"delete\":1,\"details\":\"{\\n   \\\"size\\\":12,\\n   \\\"items\\\":[\\n      {\\n         \\\"label\\\":\\\"Aku bekerja\\\",\\n         \\\"value\\\":\\\"Aku bekerja\\\"\\n      },\\n      {\\n         \\\"label\\\":\\\"Aku belum bekerja\\\",\\n         \\\"value\\\":\\\"Aku belum bekerja\\\"\\n      }\\n   ]\\n}\",\"relation\":null,\"order\":5},{\"id\":36,\"dataTypeId\":3,\"field\":\"created_at\",\"type\":\"datetime\",\"displayName\":\"Created At\",\"required\":0,\"browse\":1,\"read\":1,\"edit\":0,\"add\":0,\"delete\":0,\"details\":\"{}\",\"relation\":null,\"order\":6},{\"id\":37,\"dataTypeId\":3,\"field\":\"updated_at\",\"type\":\"datetime\",\"displayName\":\"Updated At\",\"required\":0,\"browse\":1,\"read\":1,\"edit\":0,\"add\":0,\"delete\":0,\"details\":\"{}\",\"relation\":null,\"order\":7}],\"createSoftDelete\":false,\"rows\":[{\"label\":\"id\",\"value\":\"id\",\"field\":\"id\",\"type\":\"number\",\"display_name\":\"Id\",\"required\":true,\"browse\":false,\"read\":false,\"edit\":false,\"add\":false,\"delete\":false,\"details\":\"{}\",\"relation_type\":null,\"destination_table\":null,\"destination_table_column\":null,\"destination_table_display_column\":null,\"destination_table_display_more_column\":null,\"order\":1,\"set_relation\":false},{\"label\":\"user_id\",\"value\":\"user_id\",\"field\":\"user_id\",\"type\":\"relation\",\"display_name\":\"User\",\"required\":true,\"browse\":true,\"read\":true,\"edit\":true,\"add\":true,\"delete\":true,\"details\":\"{}\",\"relation_type\":\"belongs_to\",\"destination_table\":\"badaso_users\",\"destination_table_column\":\"id\",\"destination_table_display_column\":\"name\",\"destination_table_display_more_column\":[\"id\",\"name\"],\"order\":2,\"set_relation\":false},{\"label\":\"position\",\"value\":\"position\",\"field\":\"position\",\"type\":\"text\",\"display_name\":\"Position\",\"required\":true,\"browse\":true,\"read\":true,\"edit\":true,\"add\":true,\"delete\":true,\"details\":\"{}\",\"relation_type\":null,\"destination_table\":null,\"destination_table_column\":null,\"destination_table_display_column\":null,\"destination_table_display_more_column\":null,\"order\":3,\"set_relation\":false},{\"label\":\"status\",\"value\":\"status\",\"field\":\"status\",\"type\":\"select\",\"display_name\":\"Status\",\"required\":true,\"browse\":true,\"read\":true,\"edit\":true,\"add\":true,\"delete\":true,\"details\":\"{\\n   \\\"size\\\":12,\\n   \\\"items\\\":[\\n      {\\n         \\\"label\\\":\\\"Diterima kerja\\\",\\n         \\\"value\\\":\\\"Diterima kerja\\\"\\n      }\\n   ]\\n}\",\"relation_type\":null,\"destination_table\":null,\"destination_table_column\":null,\"destination_table_display_column\":null,\"destination_table_display_more_column\":null,\"order\":4,\"set_relation\":false},{\"label\":\"status_booking\",\"value\":\"status_booking\",\"field\":\"status_booking\",\"type\":\"select\",\"display_name\":\"Status Booking\",\"required\":true,\"browse\":true,\"read\":true,\"edit\":true,\"add\":true,\"delete\":true,\"details\":\"{\\n   \\\"size\\\":12,\\n   \\\"items\\\":[\\n      {\\n         \\\"label\\\":\\\"Aku bekerja\\\",\\n         \\\"value\\\":\\\"Aku bekerja\\\"\\n      },\\n      {\\n         \\\"label\\\":\\\"Aku belum bekerja\\\",\\n         \\\"value\\\":\\\"Aku belum bekerja\\\"\\n      }\\n   ]\\n}\",\"relation_type\":null,\"destination_table\":null,\"destination_table_column\":null,\"destination_table_display_column\":null,\"destination_table_display_more_column\":null,\"order\":5,\"set_relation\":false},{\"label\":\"created_at\",\"value\":\"created_at\",\"field\":\"created_at\",\"type\":\"datetime\",\"display_name\":\"Created At\",\"required\":false,\"browse\":true,\"read\":true,\"edit\":false,\"add\":false,\"delete\":false,\"details\":\"{}\",\"relation_type\":null,\"destination_table\":null,\"destination_table_column\":null,\"destination_table_display_column\":null,\"destination_table_display_more_column\":null,\"order\":6,\"set_relation\":false},{\"label\":\"updated_at\",\"value\":\"updated_at\",\"field\":\"updated_at\",\"type\":\"datetime\",\"display_name\":\"Updated At\",\"required\":false,\"browse\":true,\"read\":true,\"edit\":false,\"add\":false,\"delete\":false,\"details\":\"{}\",\"relation_type\":null,\"destination_table\":null,\"destination_table_column\":null,\"destination_table_display_column\":null,\"destination_table_display_more_column\":null,\"order\":7,\"set_relation\":false}],\"display_name_singular\":\"Employees\",\"display_name_plural\":\"Employees\",\"model_name\":null,\"policy_name\":null,\"order_column\":null,\"order_display_column\":null,\"order_direction\":null,\"generate_permissions\":true,\"server_side\":false,\"is_maintenance\":0,\"is_soft_delete\":0,\"created_at\":\"2024-01-10T01:35:47.000000Z\",\"updated_at\":\"2024-01-10T01:38:40.000000Z\",\"data_rows\":[{\"id\":31,\"data_type_id\":3,\"field\":\"id\",\"type\":\"number\",\"display_name\":\"Id\",\"required\":1,\"browse\":0,\"read\":0,\"edit\":0,\"add\":0,\"delete\":0,\"details\":\"{}\",\"relation\":null,\"order\":1},{\"id\":32,\"data_type_id\":3,\"field\":\"user_id\",\"type\":\"relation\",\"display_name\":\"User\",\"required\":1,\"browse\":1,\"read\":1,\"edit\":1,\"add\":1,\"delete\":1,\"details\":\"{}\",\"relation\":{\"relation_type\":\"belongs_to\",\"destination_table\":\"badaso_users\",\"destination_table_column\":\"id\",\"destination_table_display_column\":\"name\",\"destination_table_display_more_column\":[\"id\",\"name\"]},\"order\":2},{\"id\":33,\"data_type_id\":3,\"field\":\"position\",\"type\":\"text\",\"display_name\":\"Position\",\"required\":1,\"browse\":1,\"read\":1,\"edit\":1,\"add\":1,\"delete\":1,\"details\":\"{}\",\"relation\":null,\"order\":3},{\"id\":34,\"data_type_id\":3,\"field\":\"status\",\"type\":\"select\",\"display_name\":\"Status\",\"required\":1,\"browse\":1,\"read\":1,\"edit\":1,\"add\":1,\"delete\":1,\"details\":\"{\\n   \\\"size\\\":12,\\n   \\\"items\\\":[\\n      {\\n         \\\"label\\\":\\\"Diterima kerja\\\",\\n         \\\"value\\\":\\\"Diterima kerja\\\"\\n      }\\n   ]\\n}\",\"relation\":null,\"order\":4},{\"id\":35,\"data_type_id\":3,\"field\":\"status_booking\",\"type\":\"search\",\"display_name\":\"Status Booking\",\"required\":1,\"browse\":1,\"read\":1,\"edit\":1,\"add\":1,\"delete\":1,\"details\":\"{\\n   \\\"size\\\":12,\\n   \\\"items\\\":[\\n      {\\n         \\\"label\\\":\\\"Aku bekerja\\\",\\n         \\\"value\\\":\\\"Aku bekerja\\\"\\n      },\\n      {\\n         \\\"label\\\":\\\"Aku belum bekerja\\\",\\n         \\\"value\\\":\\\"Aku belum bekerja\\\"\\n      }\\n   ]\\n}\",\"relation\":null,\"order\":5},{\"id\":36,\"data_type_id\":3,\"field\":\"created_at\",\"type\":\"datetime\",\"display_name\":\"Created At\",\"required\":0,\"browse\":1,\"read\":1,\"edit\":0,\"add\":0,\"delete\":0,\"details\":\"{}\",\"relation\":null,\"order\":6},{\"id\":37,\"data_type_id\":3,\"field\":\"updated_at\",\"type\":\"datetime\",\"display_name\":\"Updated At\",\"required\":0,\"browse\":1,\"read\":1,\"edit\":0,\"add\":0,\"delete\":0,\"details\":\"{}\",\"relation\":null,\"order\":7}],\"create_soft_delete\":false}}',NULL,'2024-01-10 01:39:21','2024-01-10 01:39:21'),(17,'CRUD','CRUD table rentals has been created',4,'Uasoft\\Badaso\\Models\\DataType','created',1,'Uasoft\\Badaso\\Models\\User','{\"attributes\":{\"name\":\"rentals\",\"slug\":\"rentals\",\"display_name_singular\":\"Rentals\",\"display_name_plural\":\"Rentals\",\"icon\":null,\"model_name\":null,\"policy_name\":null,\"controller\":null,\"order_column\":null,\"order_display_column\":null,\"order_direction\":null,\"generate_permissions\":true,\"server_side\":false,\"description\":null,\"details\":null,\"notification\":\"[]\",\"is_soft_delete\":false,\"updated_at\":\"2024-01-10T03:11:45.000000Z\",\"created_at\":\"2024-01-10T03:11:45.000000Z\",\"id\":4,\"data_rows\":[{\"id\":45,\"data_type_id\":4,\"field\":\"id\",\"type\":\"number\",\"display_name\":\"Id\",\"required\":1,\"browse\":0,\"read\":0,\"edit\":0,\"add\":0,\"delete\":0,\"details\":\"{}\",\"relation\":null,\"order\":1},{\"id\":46,\"data_type_id\":4,\"field\":\"car_id\",\"type\":\"relation\",\"display_name\":\"Car\",\"required\":1,\"browse\":1,\"read\":1,\"edit\":1,\"add\":1,\"delete\":1,\"details\":\"{}\",\"relation\":{\"relation_type\":\"belongs_to\",\"destination_table\":\"cars\",\"destination_table_column\":\"id\",\"destination_table_display_column\":\"brand\",\"destination_table_display_more_column\":[\"id\",\"brand\",\"rental_price\"]},\"order\":2},{\"id\":47,\"data_type_id\":4,\"field\":\"user_id\",\"type\":\"relation\",\"display_name\":\"User\",\"required\":1,\"browse\":1,\"read\":1,\"edit\":1,\"add\":1,\"delete\":1,\"details\":\"{}\",\"relation\":{\"relation_type\":\"belongs_to\",\"destination_table\":\"badaso_users\",\"destination_table_column\":\"id\",\"destination_table_display_column\":\"name\",\"destination_table_display_more_column\":[\"id\",\"name\"]},\"order\":3},{\"id\":48,\"data_type_id\":4,\"field\":\"employee_id\",\"type\":\"relation\",\"display_name\":\"Employee\",\"required\":1,\"browse\":1,\"read\":1,\"edit\":1,\"add\":1,\"delete\":1,\"details\":\"{}\",\"relation\":{\"relation_type\":\"belongs_to\",\"destination_table\":\"employees\",\"destination_table_column\":\"id\",\"destination_table_display_column\":\"user_id\",\"destination_table_display_more_column\":[\"id\",\"status_booking\",\"user_id\"]},\"order\":4},{\"id\":49,\"data_type_id\":4,\"field\":\"rental_code\",\"type\":\"text\",\"display_name\":\"Rental Code\",\"required\":1,\"browse\":1,\"read\":1,\"edit\":1,\"add\":1,\"delete\":1,\"details\":\"{}\",\"relation\":null,\"order\":5},{\"id\":50,\"data_type_id\":4,\"field\":\"start_date\",\"type\":\"date\",\"display_name\":\"Start Date\",\"required\":1,\"browse\":1,\"read\":1,\"edit\":1,\"add\":1,\"delete\":1,\"details\":\"{}\",\"relation\":null,\"order\":6},{\"id\":51,\"data_type_id\":4,\"field\":\"end_date\",\"type\":\"date\",\"display_name\":\"End Date\",\"required\":1,\"browse\":1,\"read\":1,\"edit\":1,\"add\":1,\"delete\":1,\"details\":\"{}\",\"relation\":null,\"order\":7},{\"id\":52,\"data_type_id\":4,\"field\":\"duration\",\"type\":\"number\",\"display_name\":\"Duration\",\"required\":1,\"browse\":1,\"read\":1,\"edit\":1,\"add\":1,\"delete\":1,\"details\":\"{}\",\"relation\":null,\"order\":8},{\"id\":53,\"data_type_id\":4,\"field\":\"total_cost\",\"type\":\"number\",\"display_name\":\"Total Cost\",\"required\":1,\"browse\":1,\"read\":1,\"edit\":1,\"add\":1,\"delete\":1,\"details\":\"{}\",\"relation\":null,\"order\":9},{\"id\":54,\"data_type_id\":4,\"field\":\"rental_status\",\"type\":\"select\",\"display_name\":\"Rental Status\",\"required\":1,\"browse\":1,\"read\":1,\"edit\":1,\"add\":1,\"delete\":1,\"details\":\"{\\n   \\\"size\\\":12,\\n   \\\"items\\\":[\\n      {\\n         \\\"label\\\":\\\"disewa\\\",\\n         \\\"value\\\":\\\"disewa\\\"\\n      },\\n      {\\n         \\\"label\\\":\\\"selesai\\\",\\n         \\\"value\\\":\\\"selesai\\\"\\n      }\\n   ]\\n}\",\"relation\":null,\"order\":10},{\"id\":55,\"data_type_id\":4,\"field\":\"created_at\",\"type\":\"datetime\",\"display_name\":\"Created At\",\"required\":0,\"browse\":1,\"read\":1,\"edit\":0,\"add\":0,\"delete\":0,\"details\":\"{}\",\"relation\":null,\"order\":11},{\"id\":56,\"data_type_id\":4,\"field\":\"updated_at\",\"type\":\"datetime\",\"display_name\":\"Updated At\",\"required\":0,\"browse\":1,\"read\":1,\"edit\":0,\"add\":0,\"delete\":0,\"details\":\"{}\",\"relation\":null,\"order\":12}]}}',NULL,'2024-01-10 03:11:46','2024-01-10 03:11:46'),(18,'CRUD','CRUD table payments has been created',5,'Uasoft\\Badaso\\Models\\DataType','created',1,'Uasoft\\Badaso\\Models\\User','{\"attributes\":{\"name\":\"payments\",\"slug\":\"payments\",\"display_name_singular\":\"Payments\",\"display_name_plural\":\"Payments\",\"icon\":null,\"model_name\":null,\"policy_name\":null,\"controller\":null,\"order_column\":null,\"order_display_column\":null,\"order_direction\":null,\"generate_permissions\":true,\"server_side\":false,\"description\":null,\"details\":null,\"notification\":\"[]\",\"is_soft_delete\":false,\"updated_at\":\"2024-01-10T03:19:19.000000Z\",\"created_at\":\"2024-01-10T03:19:19.000000Z\",\"id\":5,\"data_rows\":[{\"id\":57,\"data_type_id\":5,\"field\":\"id\",\"type\":\"number\",\"display_name\":\"Id\",\"required\":1,\"browse\":0,\"read\":0,\"edit\":0,\"add\":0,\"delete\":0,\"details\":\"{}\",\"relation\":null,\"order\":1},{\"id\":58,\"data_type_id\":5,\"field\":\"rental_id\",\"type\":\"relation\",\"display_name\":\"Rental\",\"required\":1,\"browse\":1,\"read\":1,\"edit\":1,\"add\":1,\"delete\":1,\"details\":\"{}\",\"relation\":{\"relation_type\":\"belongs_to\",\"destination_table\":\"rentals\",\"destination_table_column\":\"id\",\"destination_table_display_column\":\"rental_code\",\"destination_table_display_more_column\":[\"id\",\"rental_code\",\"total_cost\"]},\"order\":2},{\"id\":59,\"data_type_id\":5,\"field\":\"payment_method\",\"type\":\"select\",\"display_name\":\"Payment Method\",\"required\":1,\"browse\":1,\"read\":1,\"edit\":1,\"add\":1,\"delete\":1,\"details\":\"{\\n   \\\"size\\\":12,\\n   \\\"items\\\":[\\n      {\\n         \\\"label\\\":\\\"QRIS\\\",\\n         \\\"value\\\":\\\"QRIS\\\"\\n      },\\n      {\\n         \\\"label\\\":\\\"Virtual Account\\\",\\n         \\\"value\\\":\\\"Virtual Account\\\"\\n      },\\n      {\\n         \\\"label\\\":\\\"Retail Outlet\\\",\\n         \\\"value\\\":\\\"Retail Outlet\\\"\\n      }      \\n   ]\\n}\",\"relation\":null,\"order\":3},{\"id\":60,\"data_type_id\":5,\"field\":\"payment_amount\",\"type\":\"number\",\"display_name\":\"Payment Amount\",\"required\":1,\"browse\":1,\"read\":1,\"edit\":1,\"add\":1,\"delete\":1,\"details\":\"{}\",\"relation\":null,\"order\":4},{\"id\":61,\"data_type_id\":5,\"field\":\"payment_date\",\"type\":\"date\",\"display_name\":\"Payment Date\",\"required\":1,\"browse\":1,\"read\":1,\"edit\":1,\"add\":1,\"delete\":1,\"details\":\"{}\",\"relation\":null,\"order\":5},{\"id\":62,\"data_type_id\":5,\"field\":\"payment_status\",\"type\":\"select\",\"display_name\":\"Payment Status\",\"required\":1,\"browse\":1,\"read\":1,\"edit\":1,\"add\":1,\"delete\":1,\"details\":\"{\\n   \\\"size\\\":12,\\n   \\\"items\\\":[\\n      {\\n         \\\"label\\\":\\\"status\\\",\\n         \\\"value\\\":\\\"status\\\"\\n      }\\n   ]\\n}\",\"relation\":null,\"order\":6},{\"id\":63,\"data_type_id\":5,\"field\":\"created_at\",\"type\":\"datetime\",\"display_name\":\"Created At\",\"required\":0,\"browse\":1,\"read\":1,\"edit\":0,\"add\":0,\"delete\":0,\"details\":\"{}\",\"relation\":null,\"order\":7},{\"id\":64,\"data_type_id\":5,\"field\":\"updated_at\",\"type\":\"datetime\",\"display_name\":\"Updated At\",\"required\":0,\"browse\":1,\"read\":1,\"edit\":0,\"add\":0,\"delete\":0,\"details\":\"{}\",\"relation\":null,\"order\":8}]}}',NULL,'2024-01-10 03:19:20','2024-01-10 03:19:20'),(19,'Menu','Menu Admin has been created',3,'Uasoft\\Badaso\\Models\\Menu','created',1,'Uasoft\\Badaso\\Models\\User','{\"attributes\":{\"key\":\"admin\",\"display_name\":\"Admin\",\"icon\":null,\"updated_at\":\"2024-01-10T03:22:29.000000Z\",\"created_at\":\"2024-01-10T03:22:29.000000Z\",\"id\":3}}',NULL,'2024-01-10 03:22:29','2024-01-10 03:22:29'),(20,'Menu','Menu Admin has been deleted',3,'Uasoft\\Badaso\\Models\\Menu','deleted',1,'Uasoft\\Badaso\\Models\\User','{\"attributes\":{\"menu_id\":3}}',NULL,'2024-01-10 03:28:06','2024-01-10 03:28:06'),(21,'Role Controllers','Role admin_rental_transportasi has been created',3,'Uasoft\\Badaso\\Models\\Role','created',1,'Uasoft\\Badaso\\Models\\User','{\"attributes\":{\"name\":\"admin_rental_transportasi\",\"display_name\":\"Admin Rental Transportasi\",\"description\":null,\"updated_at\":\"2024-01-10T07:45:50.000000Z\",\"created_at\":\"2024-01-10T07:45:50.000000Z\",\"id\":3}}',NULL,'2024-01-10 07:45:50','2024-01-10 07:45:50'),(22,'Configurations','Configuration has been updated',11,'Uasoft\\Badaso\\Models\\Configuration','updated',1,'Uasoft\\Badaso\\Models\\User','{\"attributes\":[{\"id\":1,\"key\":\"adminPanelTitle\",\"display_name\":\"Admin Panel Title\",\"value\":\"Badaso\",\"details\":null,\"type\":\"text\",\"order\":1,\"group\":\"adminPanel\",\"can_delete\":false,\"created_at\":\"2024-01-09T12:22:47.000000Z\",\"updated_at\":\"2024-01-09T12:22:47.000000Z\"},{\"id\":7,\"key\":\"adminPanelLogoConfig\",\"display_name\":\"Admin Panel Logo Config\",\"value\":\"text_only\",\"details\":{\"items\":[{\"label\":\"Logo Only\",\"value\":\"logo_only\"},{\"label\":\"Text Only\",\"value\":\"text_only\"},{\"label\":\"Logo & Text\",\"value\":\"logo_and_text\"}]},\"type\":\"select\",\"order\":1,\"group\":\"adminPanel\",\"can_delete\":false,\"created_at\":\"2024-01-09T12:22:47.000000Z\",\"updated_at\":\"2024-01-09T12:22:47.000000Z\"},{\"id\":12,\"key\":\"defaultRoleRegistration\",\"display_name\":\"Default Role Registration\",\"value\":\"customer\",\"details\":{\"items\":[]},\"type\":\"select\",\"order\":1,\"group\":\"adminPanel\",\"can_delete\":false,\"created_at\":\"2024-01-09T12:22:47.000000Z\",\"updated_at\":\"2024-01-09T12:22:47.000000Z\"},{\"id\":13,\"key\":\"timeWaitResendToken\",\"display_name\":\"Time wait to resend token\",\"value\":\"60\",\"details\":{\"items\":[]},\"type\":\"number\",\"order\":1,\"group\":\"adminPanel\",\"can_delete\":false,\"created_at\":\"2024-01-09T12:22:47.000000Z\",\"updated_at\":\"2024-01-09T12:22:47.000000Z\"},{\"id\":2,\"key\":\"adminPanelDescription\",\"display_name\":\"Admin Panel Description\",\"value\":\"Badaso, SPA CRUD Generator\",\"details\":null,\"type\":\"text\",\"order\":2,\"group\":\"adminPanel\",\"can_delete\":false,\"created_at\":\"2024-01-09T12:22:47.000000Z\",\"updated_at\":\"2024-01-09T12:22:47.000000Z\"},{\"id\":3,\"key\":\"adminPanelLogo\",\"display_name\":\"Admin Panel Logo\",\"value\":\"photos\\/shares\\/logo.webp\",\"details\":{\"type\":\"shares-only\"},\"type\":\"upload_image\",\"order\":3,\"group\":\"adminPanel\",\"can_delete\":false,\"created_at\":\"2024-01-09T12:22:47.000000Z\",\"updated_at\":\"2024-01-09T12:22:47.000000Z\"},{\"id\":4,\"key\":\"adminPanelHeaderColor\",\"display_name\":\"Admin Panel Header Color\",\"value\":\"#ffffff\",\"details\":null,\"type\":\"color_picker\",\"order\":4,\"group\":\"adminPanel\",\"can_delete\":false,\"created_at\":\"2024-01-09T12:22:47.000000Z\",\"updated_at\":\"2024-01-09T12:22:47.000000Z\"},{\"id\":5,\"key\":\"adminPanelHeaderFontColor\",\"display_name\":\"Admin Panel Header Font Color\",\"value\":\"#06bbd3\",\"details\":null,\"type\":\"color_picker\",\"order\":5,\"group\":\"adminPanel\",\"can_delete\":false,\"created_at\":\"2024-01-09T12:22:47.000000Z\",\"updated_at\":\"2024-01-09T12:22:47.000000Z\"},{\"id\":6,\"key\":\"adminPanelVerifyEmail\",\"display_name\":\"Should verify email after register\",\"value\":\"0\",\"details\":null,\"type\":\"switch\",\"order\":6,\"group\":\"adminPanel\",\"can_delete\":false,\"created_at\":\"2024-01-09T12:22:47.000000Z\",\"updated_at\":\"2024-01-09T12:22:47.000000Z\"},{\"id\":8,\"key\":\"favicon\",\"display_name\":\"Favicon\",\"value\":\"photos\\/shares\\/favicon.png\",\"details\":{\"type\":\"shares-only\"},\"type\":\"upload_image\",\"order\":7,\"group\":\"adminPanel\",\"can_delete\":false,\"created_at\":\"2024-01-09T12:22:47.000000Z\",\"updated_at\":\"2024-01-09T12:22:47.000000Z\"},{\"id\":9,\"key\":\"maintenance\",\"display_name\":\"Maintenance for all pages.\",\"value\":\"0\",\"details\":\"Admin still can access the dashboard.\",\"type\":\"switch\",\"order\":8,\"group\":\"adminPanel\",\"can_delete\":false,\"created_at\":\"2024-01-09T12:22:47.000000Z\",\"updated_at\":\"2024-01-09T12:22:47.000000Z\"},{\"id\":10,\"key\":\"authBackgroundImage\",\"display_name\":\"Background image for login page.\",\"value\":\"photos\\/shares\\/auth-bg.jpg\",\"details\":\"Admin still can access the dashboard.\",\"type\":\"upload_image\",\"order\":9,\"group\":\"adminPanel\",\"can_delete\":false,\"created_at\":\"2024-01-09T12:22:47.000000Z\",\"updated_at\":\"2024-01-09T12:22:47.000000Z\"},{\"id\":11,\"key\":\"maintenanceImage\",\"display_name\":\"Image for maintenance page\",\"value\":\"photos\\/shares\\/maintenance.png\",\"details\":{\"type\":\"shares-only\"},\"type\":\"upload_image\",\"order\":10,\"group\":\"adminPanel\",\"can_delete\":false,\"created_at\":\"2024-01-09T12:22:47.000000Z\",\"updated_at\":\"2024-01-09T12:22:47.000000Z\"}]}',NULL,'2024-01-10 10:21:24','2024-01-10 10:21:24'),(23,'Configurations','Configuration has been updated',11,'Uasoft\\Badaso\\Models\\Configuration','updated',1,'Uasoft\\Badaso\\Models\\User','{\"attributes\":[{\"id\":1,\"key\":\"adminPanelTitle\",\"display_name\":\"Admin Panel Title\",\"value\":\"Travel & Event\",\"details\":null,\"type\":\"text\",\"order\":1,\"group\":\"adminPanel\",\"can_delete\":false,\"created_at\":\"2024-01-09T12:22:47.000000Z\",\"updated_at\":\"2024-01-10T10:21:22.000000Z\"},{\"id\":7,\"key\":\"adminPanelLogoConfig\",\"display_name\":\"Admin Panel Logo Config\",\"value\":\"text_only\",\"details\":{\"items\":[{\"label\":\"Logo Only\",\"value\":\"logo_only\"},{\"label\":\"Text Only\",\"value\":\"text_only\"},{\"label\":\"Logo & Text\",\"value\":\"logo_and_text\"}]},\"type\":\"select\",\"order\":1,\"group\":\"adminPanel\",\"can_delete\":false,\"created_at\":\"2024-01-09T12:22:47.000000Z\",\"updated_at\":\"2024-01-10T10:21:22.000000Z\"},{\"id\":12,\"key\":\"defaultRoleRegistration\",\"display_name\":\"Default Role Registration\",\"value\":\"customer\",\"details\":{\"items\":[{\"label\":\"Administrator\",\"value\":\"administrator\"},{\"label\":\"Customer\",\"value\":\"customer\"},{\"label\":\"Admin Rental Transportasi\",\"value\":\"admin_rental_transportasi\"},{\"label\":\"Administrator\",\"value\":\"administrator\"},{\"label\":\"Customer\",\"value\":\"customer\"},{\"label\":\"Admin Rental Transportasi\",\"value\":\"admin_rental_transportasi\"}]},\"type\":\"select\",\"order\":1,\"group\":\"adminPanel\",\"can_delete\":false,\"created_at\":\"2024-01-09T12:22:47.000000Z\",\"updated_at\":\"2024-01-09T12:22:47.000000Z\"},{\"id\":13,\"key\":\"timeWaitResendToken\",\"display_name\":\"Time wait to resend token\",\"value\":\"60\",\"details\":{\"items\":[]},\"type\":\"number\",\"order\":1,\"group\":\"adminPanel\",\"can_delete\":false,\"created_at\":\"2024-01-09T12:22:47.000000Z\",\"updated_at\":\"2024-01-09T12:22:47.000000Z\"},{\"id\":2,\"key\":\"adminPanelDescription\",\"display_name\":\"Admin Panel Description\",\"value\":\"Badaso, SPA CRUD Generator\",\"details\":null,\"type\":\"text\",\"order\":2,\"group\":\"adminPanel\",\"can_delete\":false,\"created_at\":\"2024-01-09T12:22:47.000000Z\",\"updated_at\":\"2024-01-10T10:21:22.000000Z\"},{\"id\":3,\"key\":\"adminPanelLogo\",\"display_name\":\"Admin Panel Logo\",\"value\":\"photos\\/shares\\/logo.webp\",\"details\":{\"type\":\"shares-only\"},\"type\":\"upload_image\",\"order\":3,\"group\":\"adminPanel\",\"can_delete\":false,\"created_at\":\"2024-01-09T12:22:47.000000Z\",\"updated_at\":\"2024-01-09T12:22:47.000000Z\"},{\"id\":4,\"key\":\"adminPanelHeaderColor\",\"display_name\":\"Admin Panel Header Color\",\"value\":\"#ffffff\",\"details\":null,\"type\":\"color_picker\",\"order\":4,\"group\":\"adminPanel\",\"can_delete\":false,\"created_at\":\"2024-01-09T12:22:47.000000Z\",\"updated_at\":\"2024-01-10T10:21:22.000000Z\"},{\"id\":5,\"key\":\"adminPanelHeaderFontColor\",\"display_name\":\"Admin Panel Header Font Color\",\"value\":\"#06bbd3\",\"details\":null,\"type\":\"color_picker\",\"order\":5,\"group\":\"adminPanel\",\"can_delete\":false,\"created_at\":\"2024-01-09T12:22:47.000000Z\",\"updated_at\":\"2024-01-10T10:21:22.000000Z\"},{\"id\":6,\"key\":\"adminPanelVerifyEmail\",\"display_name\":\"Should verify email after register\",\"value\":false,\"details\":null,\"type\":\"switch\",\"order\":6,\"group\":\"adminPanel\",\"can_delete\":false,\"created_at\":\"2024-01-09T12:22:47.000000Z\",\"updated_at\":\"2024-01-10T10:21:22.000000Z\"},{\"id\":8,\"key\":\"favicon\",\"display_name\":\"Favicon\",\"value\":\"photos\\/shares\\/favicon.png\",\"details\":{\"type\":\"shares-only\"},\"type\":\"upload_image\",\"order\":7,\"group\":\"adminPanel\",\"can_delete\":false,\"created_at\":\"2024-01-09T12:22:47.000000Z\",\"updated_at\":\"2024-01-09T12:22:47.000000Z\"},{\"id\":9,\"key\":\"maintenance\",\"display_name\":\"Maintenance for all pages.\",\"value\":false,\"details\":\"Admin still can access the dashboard.\",\"type\":\"switch\",\"order\":8,\"group\":\"adminPanel\",\"can_delete\":false,\"created_at\":\"2024-01-09T12:22:47.000000Z\",\"updated_at\":\"2024-01-10T10:21:22.000000Z\"},{\"id\":10,\"key\":\"authBackgroundImage\",\"display_name\":\"Background image for login page.\",\"value\":\"photos\\/shares\\/auth-bg.jpg\",\"details\":\"Admin still can access the dashboard.\",\"type\":\"upload_image\",\"order\":9,\"group\":\"adminPanel\",\"can_delete\":false,\"created_at\":\"2024-01-09T12:22:47.000000Z\",\"updated_at\":\"2024-01-10T10:21:22.000000Z\"},{\"id\":11,\"key\":\"maintenanceImage\",\"display_name\":\"Image for maintenance page\",\"value\":\"photos\\/shares\\/maintenance.png\",\"details\":{\"type\":\"shares-only\"},\"type\":\"upload_image\",\"order\":10,\"group\":\"adminPanel\",\"can_delete\":false,\"created_at\":\"2024-01-09T12:22:47.000000Z\",\"updated_at\":\"2024-01-09T12:22:47.000000Z\"}]}',NULL,'2024-01-10 10:21:42','2024-01-10 10:21:42'),(24,'Database','Add table cinema_genres has been created',NULL,NULL,'created',1,'Uasoft\\Badaso\\Models\\User','{\"attributes\":{\"table\":\"cinema_genres\",\"rows\":[{\"id\":\"id\",\"field_name\":\"id\",\"field_type\":\"bigint\",\"field_length\":null,\"field_null\":false,\"field_attribute\":true,\"field_increment\":true,\"field_index\":\"primary\",\"field_default\":null,\"undeletable\":true},{\"id\":\"1c06169a-cb33-4d4b-bf02-7d9262b8a76a\",\"field_name\":\"genre\",\"field_type\":\"varchar\",\"field_length\":\"100\",\"field_null\":false,\"field_attribute\":false,\"field_increment\":false,\"field_index\":null,\"field_default\":null},{\"field_name\":\"created_at\",\"field_type\":\"timestamp\",\"field_length\":null,\"field_null\":true,\"field_attribute\":false,\"field_increment\":false,\"field_index\":null,\"field_default\":null,\"undeletable\":true,\"indexes\":true},{\"field_name\":\"updated_at\",\"field_type\":\"timestamp\",\"field_length\":null,\"field_null\":true,\"field_attribute\":false,\"field_increment\":false,\"field_index\":null,\"field_default\":null,\"undeletable\":true}],\"relations\":[]}}',NULL,'2024-01-10 11:03:39','2024-01-10 11:03:39'),(25,'Database','Add table cinema_movies has been created',NULL,NULL,'created',1,'Uasoft\\Badaso\\Models\\User','{\"attributes\":{\"table\":\"cinema_movies\",\"rows\":[{\"id\":\"id\",\"field_name\":\"id\",\"field_type\":\"bigint\",\"field_length\":null,\"field_null\":false,\"field_attribute\":true,\"field_increment\":true,\"field_index\":\"primary\",\"field_default\":null,\"undeletable\":true},{\"id\":\"2692b1db-95bb-446f-8170-e80b3a458bba\",\"field_name\":\"title\",\"field_type\":\"varchar\",\"field_length\":\"100\",\"field_null\":false,\"field_attribute\":false,\"field_increment\":false,\"field_index\":null,\"field_default\":null},{\"id\":\"4b45ea2d-f7e5-4c72-af85-44bedb1d18df\",\"field_name\":\"genre_id\",\"field_type\":\"bigint\",\"field_length\":null,\"field_null\":false,\"field_attribute\":true,\"field_increment\":false,\"field_index\":\"foreign\",\"field_default\":null},{\"id\":\"44270fd4-c0c7-4e72-a580-4e046aa562a5\",\"field_name\":\"duration\",\"field_type\":\"time\",\"field_length\":null,\"field_null\":false,\"field_attribute\":false,\"field_increment\":false,\"field_index\":null,\"field_default\":null},{\"id\":\"9eda0ebb-b51b-4140-ba1f-1de52d9a88c5\",\"field_name\":\"release_date\",\"field_type\":\"date\",\"field_length\":null,\"field_null\":false,\"field_attribute\":false,\"field_increment\":false,\"field_index\":null,\"field_default\":null},{\"field_name\":\"created_at\",\"field_type\":\"timestamp\",\"field_length\":null,\"field_null\":true,\"field_attribute\":false,\"field_increment\":false,\"field_index\":null,\"field_default\":null,\"undeletable\":true,\"indexes\":true},{\"field_name\":\"updated_at\",\"field_type\":\"timestamp\",\"field_length\":null,\"field_null\":true,\"field_attribute\":false,\"field_increment\":false,\"field_index\":null,\"field_default\":null,\"undeletable\":true}],\"relations\":{\"4b45ea2d-f7e5-4c72-af85-44bedb1d18df\":{\"source_field\":\"genre_id\",\"target_table\":\"branches\",\"target_field\":\"id\",\"on_delete\":\"restrict\",\"on_update\":\"restrict\"}}}}',NULL,'2024-01-10 11:27:40','2024-01-10 11:27:40'),(26,'Database','Add table cinema_studios has been created',NULL,NULL,'created',1,'Uasoft\\Badaso\\Models\\User','{\"attributes\":{\"table\":\"cinema_studios\",\"rows\":[{\"id\":\"id\",\"field_name\":\"id\",\"field_type\":\"bigint\",\"field_length\":null,\"field_null\":false,\"field_attribute\":true,\"field_increment\":true,\"field_index\":\"primary\",\"field_default\":null,\"undeletable\":true},{\"id\":\"a7829c39-f11d-471f-8bea-49124790119c\",\"field_name\":\"studio\",\"field_type\":\"varchar\",\"field_length\":\"100\",\"field_null\":false,\"field_attribute\":false,\"field_increment\":false,\"field_index\":null,\"field_default\":null},{\"field_name\":\"created_at\",\"field_type\":\"timestamp\",\"field_length\":null,\"field_null\":true,\"field_attribute\":false,\"field_increment\":false,\"field_index\":null,\"field_default\":null,\"undeletable\":true,\"indexes\":true},{\"field_name\":\"updated_at\",\"field_type\":\"timestamp\",\"field_length\":null,\"field_null\":true,\"field_attribute\":false,\"field_increment\":false,\"field_index\":null,\"field_default\":null,\"undeletable\":true}],\"relations\":[]}}',NULL,'2024-01-10 12:07:23','2024-01-10 12:07:23'),(27,'Database','Add table cinema_shows has been created',NULL,NULL,'created',1,'Uasoft\\Badaso\\Models\\User','{\"attributes\":{\"table\":\"cinema_shows\",\"rows\":[{\"id\":\"id\",\"field_name\":\"id\",\"field_type\":\"bigint\",\"field_length\":null,\"field_null\":false,\"field_attribute\":true,\"field_increment\":true,\"field_index\":\"primary\",\"field_default\":null,\"undeletable\":true},{\"id\":\"0f6882ef-66f7-430c-8697-69593d686f66\",\"field_name\":\"movie_id\",\"field_type\":\"bigint\",\"field_length\":null,\"field_null\":false,\"field_attribute\":true,\"field_increment\":false,\"field_index\":\"foreign\",\"field_default\":null},{\"id\":\"1d00109c-d560-40a0-a491-d6726c735226\",\"field_name\":\"studio_id\",\"field_type\":\"bigint\",\"field_length\":null,\"field_null\":false,\"field_attribute\":true,\"field_increment\":false,\"field_index\":\"foreign\",\"field_default\":null},{\"id\":\"e7b7b2d2-6a5c-4486-b0e1-268253d224c2\",\"field_name\":\"showtime\",\"field_type\":\"datetime\",\"field_length\":null,\"field_null\":false,\"field_attribute\":false,\"field_increment\":false,\"field_index\":null,\"field_default\":null},{\"field_name\":\"created_at\",\"field_type\":\"timestamp\",\"field_length\":null,\"field_null\":true,\"field_attribute\":false,\"field_increment\":false,\"field_index\":null,\"field_default\":null,\"undeletable\":true,\"indexes\":true},{\"field_name\":\"updated_at\",\"field_type\":\"timestamp\",\"field_length\":null,\"field_null\":true,\"field_attribute\":false,\"field_increment\":false,\"field_index\":null,\"field_default\":null,\"undeletable\":true}],\"relations\":{\"0f6882ef-66f7-430c-8697-69593d686f66\":{\"source_field\":\"movie_id\",\"target_table\":\"cinema_movies\",\"target_field\":\"id\",\"on_delete\":\"restrict\",\"on_update\":\"restrict\"},\"1d00109c-d560-40a0-a491-d6726c735226\":{\"source_field\":\"studio_id\",\"target_table\":\"cinema_studios\",\"target_field\":\"id\",\"on_delete\":\"restrict\",\"on_update\":\"restrict\"}}}}',NULL,'2024-01-10 12:09:50','2024-01-10 12:09:50'),(28,'Database','Add table cinema_seats has been created',NULL,NULL,'created',1,'Uasoft\\Badaso\\Models\\User','{\"attributes\":{\"table\":\"cinema_seats\",\"rows\":[{\"id\":\"id\",\"field_name\":\"id\",\"field_type\":\"bigint\",\"field_length\":null,\"field_null\":false,\"field_attribute\":true,\"field_increment\":true,\"field_index\":\"primary\",\"field_default\":null,\"undeletable\":true},{\"id\":\"16eeaaeb-cc80-4b23-a267-7c01f97a18fb\",\"field_name\":\"show_id\",\"field_type\":\"bigint\",\"field_length\":null,\"field_null\":false,\"field_attribute\":true,\"field_increment\":false,\"field_index\":\"foreign\",\"field_default\":null},{\"field_name\":\"created_at\",\"field_type\":\"timestamp\",\"field_length\":null,\"field_null\":true,\"field_attribute\":false,\"field_increment\":false,\"field_index\":null,\"field_default\":null,\"undeletable\":true,\"indexes\":true},{\"field_name\":\"updated_at\",\"field_type\":\"timestamp\",\"field_length\":null,\"field_null\":true,\"field_attribute\":false,\"field_increment\":false,\"field_index\":null,\"field_default\":null,\"undeletable\":true}],\"relations\":{\"16eeaaeb-cc80-4b23-a267-7c01f97a18fb\":{\"source_field\":\"show_id\",\"target_table\":\"cinema_shows\",\"target_field\":\"id\",\"on_delete\":\"restrict\",\"on_update\":\"restrict\"}}}}',NULL,'2024-01-10 12:11:21','2024-01-10 12:11:21'),(29,'Database','Edit table cinema_seats has been updated',NULL,NULL,'updated',1,'Uasoft\\Badaso\\Models\\User','{\"old\":[\"cinema_seats\",[{\"id\":\"b437331a-b121-4950-96ed-08f47914d93d\",\"field_name\":\"id\",\"field_type\":\"bigint\",\"field_length\":null,\"field_null\":false,\"field_attribute\":true,\"field_increment\":true,\"field_index\":\"primary\",\"field_default\":null},{\"id\":\"c0e94554-b0a9-4bf9-9f3f-673eedb55df0\",\"field_name\":\"show_id\",\"field_type\":\"bigint\",\"field_length\":null,\"field_null\":false,\"field_attribute\":true,\"field_increment\":false,\"field_index\":\"foreign\",\"field_default\":null},{\"id\":\"f737e9d1-4546-4d3e-a215-ec9f3c75c9e4\",\"field_name\":\"created_at\",\"field_type\":\"timestamp\",\"field_length\":null,\"field_null\":true,\"field_attribute\":false,\"field_increment\":false,\"field_index\":null,\"field_default\":null},{\"id\":\"ca0a41b2-f067-4935-84f2-15055e9a6cf1\",\"field_name\":\"updated_at\",\"field_type\":\"timestamp\",\"field_length\":null,\"field_null\":true,\"field_attribute\":false,\"field_increment\":false,\"field_index\":null,\"field_default\":null}],{\"c0e94554-b0a9-4bf9-9f3f-673eedb55df0\":{\"source_field\":\"show_id\",\"target_table\":\"cinema_shows\",\"target_field\":\"id\",\"on_delete\":null,\"on_update\":null}}],\"new\":[\"cinema_seats\",[{\"id\":\"b437331a-b121-4950-96ed-08f47914d93d\",\"field_name\":\"id\",\"field_type\":\"bigint\",\"field_length\":null,\"field_null\":false,\"field_attribute\":true,\"field_increment\":true,\"field_index\":\"primary\",\"field_default\":null,\"modify_type\":[],\"undeletable\":true,\"indexes\":false},{\"id\":\"c0e94554-b0a9-4bf9-9f3f-673eedb55df0\",\"field_name\":\"show_id\",\"field_type\":\"bigint\",\"field_length\":null,\"field_null\":false,\"field_attribute\":true,\"field_increment\":false,\"field_index\":\"foreign\",\"field_default\":null,\"modify_type\":[],\"undeletable\":false,\"indexes\":false},{\"id\":\"53023e8c-ce17-4915-8bd5-d8d21e86424a\",\"field_name\":\"seat_number\",\"field_type\":\"varchar\",\"field_length\":\"100\",\"field_null\":false,\"field_attribute\":false,\"field_increment\":false,\"field_index\":null,\"field_default\":null,\"modify_type\":[\"CREATE\"]},{\"id\":\"c3c76537-b99b-4396-956c-e8ab3a00d610\",\"field_name\":\"seat_status\",\"field_type\":\"enum\",\"field_length\":\"available,not available\",\"field_null\":false,\"field_attribute\":false,\"field_increment\":false,\"field_index\":null,\"field_default\":null,\"modify_type\":[\"CREATE\"]},{\"id\":\"f737e9d1-4546-4d3e-a215-ec9f3c75c9e4\",\"field_name\":\"created_at\",\"field_type\":\"timestamp\",\"field_length\":null,\"field_null\":true,\"field_attribute\":false,\"field_increment\":false,\"field_index\":null,\"field_default\":null,\"modify_type\":[],\"undeletable\":true,\"indexes\":true},{\"id\":\"ca0a41b2-f067-4935-84f2-15055e9a6cf1\",\"field_name\":\"updated_at\",\"field_type\":\"timestamp\",\"field_length\":null,\"field_null\":true,\"field_attribute\":false,\"field_increment\":false,\"field_index\":null,\"field_default\":null,\"modify_type\":[],\"undeletable\":true,\"indexes\":false}],{\"c0e94554-b0a9-4bf9-9f3f-673eedb55df0\":{\"source_field\":\"show_id\",\"target_table\":\"cinema_shows\",\"target_field\":\"id\",\"on_delete\":null,\"on_update\":null}}]}',NULL,'2024-01-10 12:13:01','2024-01-10 12:13:01'),(30,'Database','Add table cinema_tickets has been created',NULL,NULL,'created',1,'Uasoft\\Badaso\\Models\\User','{\"attributes\":{\"table\":\"cinema_tickets\",\"rows\":[{\"id\":\"id\",\"field_name\":\"id\",\"field_type\":\"bigint\",\"field_length\":null,\"field_null\":false,\"field_attribute\":true,\"field_increment\":true,\"field_index\":\"primary\",\"field_default\":null,\"undeletable\":true},{\"id\":\"8f1d6d7b-9b33-4f50-b911-2ba423ff34ea\",\"field_name\":\"seat_id\",\"field_type\":\"bigint\",\"field_length\":null,\"field_null\":false,\"field_attribute\":true,\"field_increment\":false,\"field_index\":\"foreign\",\"field_default\":null},{\"id\":\"1d6b5846-c849-4bc6-979a-7d8319754387\",\"field_name\":\"user_id\",\"field_type\":\"bigint\",\"field_length\":null,\"field_null\":false,\"field_attribute\":true,\"field_increment\":false,\"field_index\":\"foreign\",\"field_default\":null},{\"id\":\"1ca4715d-ead2-4fe3-8812-e375c49cc741\",\"field_name\":\"movie_id\",\"field_type\":\"bigint\",\"field_length\":null,\"field_null\":false,\"field_attribute\":true,\"field_increment\":false,\"field_index\":\"foreign\",\"field_default\":null},{\"id\":\"00330bf0-e900-4fae-b6a9-f34579a0d5c8\",\"field_name\":\"code_ticket\",\"field_type\":\"varchar\",\"field_length\":\"100\",\"field_null\":false,\"field_attribute\":false,\"field_increment\":false,\"field_index\":null,\"field_default\":null},{\"id\":\"63581342-cf10-4ae2-9cb6-a92849f29afb\",\"field_name\":\"purchase_date\",\"field_type\":\"datetime\",\"field_length\":null,\"field_null\":false,\"field_attribute\":false,\"field_increment\":false,\"field_index\":null,\"field_default\":null},{\"field_name\":\"created_at\",\"field_type\":\"timestamp\",\"field_length\":null,\"field_null\":true,\"field_attribute\":false,\"field_increment\":false,\"field_index\":null,\"field_default\":null,\"undeletable\":true,\"indexes\":true},{\"field_name\":\"updated_at\",\"field_type\":\"timestamp\",\"field_length\":null,\"field_null\":true,\"field_attribute\":false,\"field_increment\":false,\"field_index\":null,\"field_default\":null,\"undeletable\":true}],\"relations\":{\"8f1d6d7b-9b33-4f50-b911-2ba423ff34ea\":{\"source_field\":\"seat_id\",\"target_table\":\"cinema_seats\",\"target_field\":\"id\",\"on_delete\":\"restrict\",\"on_update\":\"restrict\"},\"1d6b5846-c849-4bc6-979a-7d8319754387\":{\"source_field\":\"user_id\",\"target_table\":\"badaso_users\",\"target_field\":\"id\",\"on_delete\":\"restrict\",\"on_update\":\"restrict\"},\"1ca4715d-ead2-4fe3-8812-e375c49cc741\":{\"source_field\":\"movie_id\",\"target_table\":\"cinema_movies\",\"target_field\":\"id\",\"on_delete\":\"restrict\",\"on_update\":\"restrict\"}}}}',NULL,'2024-01-10 12:17:58','2024-01-10 12:17:58'),(31,'Database','Add table cinema_payments has been created',NULL,NULL,'created',1,'Uasoft\\Badaso\\Models\\User','{\"attributes\":{\"table\":\"cinema_payments\",\"rows\":[{\"id\":\"id\",\"field_name\":\"id\",\"field_type\":\"bigint\",\"field_length\":null,\"field_null\":false,\"field_attribute\":true,\"field_increment\":true,\"field_index\":\"primary\",\"field_default\":null,\"undeletable\":true},{\"id\":\"26a14753-ed4c-4834-8cea-cbf354b650a0\",\"field_name\":\"ticket_id\",\"field_type\":\"bigint\",\"field_length\":null,\"field_null\":false,\"field_attribute\":true,\"field_increment\":false,\"field_index\":\"foreign\",\"field_default\":null},{\"id\":\"32e95d69-e27c-462c-928a-31e70729fee4\",\"field_name\":\"payment_date\",\"field_type\":\"datetime\",\"field_length\":null,\"field_null\":false,\"field_attribute\":false,\"field_increment\":false,\"field_index\":null,\"field_default\":null},{\"id\":\"4ff36d6b-a21b-461e-892a-524efa3ce3db\",\"field_name\":\"price\",\"field_type\":\"varchar\",\"field_length\":\"100\",\"field_null\":false,\"field_attribute\":false,\"field_increment\":false,\"field_index\":null,\"field_default\":null},{\"id\":\"a173bea3-cbd5-4d1a-8891-3023f878e2c1\",\"field_name\":\"payment_receipt\",\"field_type\":\"text\",\"field_length\":null,\"field_null\":false,\"field_attribute\":false,\"field_increment\":false,\"field_index\":null,\"field_default\":null},{\"id\":\"b29375b8-73ce-4018-a3aa-eab64bbbdffc\",\"field_name\":\"status\",\"field_type\":\"enum\",\"field_length\":\"pending,success\",\"field_null\":false,\"field_attribute\":false,\"field_increment\":false,\"field_index\":null,\"field_default\":null},{\"field_name\":\"created_at\",\"field_type\":\"timestamp\",\"field_length\":null,\"field_null\":true,\"field_attribute\":false,\"field_increment\":false,\"field_index\":null,\"field_default\":null,\"undeletable\":true,\"indexes\":true},{\"field_name\":\"updated_at\",\"field_type\":\"timestamp\",\"field_length\":null,\"field_null\":true,\"field_attribute\":false,\"field_increment\":false,\"field_index\":null,\"field_default\":null,\"undeletable\":true}],\"relations\":{\"26a14753-ed4c-4834-8cea-cbf354b650a0\":{\"source_field\":\"ticket_id\",\"target_table\":\"cinema_tickets\",\"target_field\":\"id\",\"on_delete\":\"restrict\",\"on_update\":\"restrict\"}}}}',NULL,'2024-01-10 14:06:51','2024-01-10 14:06:51'),(32,'CRUD','CRUD table cinema-movies has been created',6,'Uasoft\\Badaso\\Models\\DataType','created',1,'Uasoft\\Badaso\\Models\\User','{\"attributes\":{\"name\":\"cinema_movies\",\"slug\":\"cinema-movies\",\"display_name_singular\":\"Cinema Movies\",\"display_name_plural\":\"Cinema Movies\",\"icon\":null,\"model_name\":null,\"policy_name\":null,\"controller\":null,\"order_column\":null,\"order_display_column\":null,\"order_direction\":null,\"generate_permissions\":true,\"server_side\":false,\"description\":null,\"details\":null,\"notification\":\"[]\",\"is_soft_delete\":false,\"updated_at\":\"2024-01-10T14:09:58.000000Z\",\"created_at\":\"2024-01-10T14:09:58.000000Z\",\"id\":6,\"data_rows\":[{\"id\":65,\"data_type_id\":6,\"field\":\"id\",\"type\":\"number\",\"display_name\":\"Id\",\"required\":1,\"browse\":0,\"read\":0,\"edit\":0,\"add\":0,\"delete\":0,\"details\":\"{}\",\"relation\":null,\"order\":1},{\"id\":66,\"data_type_id\":6,\"field\":\"genre_id\",\"type\":\"relation\",\"display_name\":\"Genre Id\",\"required\":1,\"browse\":1,\"read\":1,\"edit\":1,\"add\":1,\"delete\":1,\"details\":\"{}\",\"relation\":{\"relation_type\":\"belongs_to\",\"destination_table\":\"cinema_genres\",\"destination_table_column\":\"id\",\"destination_table_display_column\":\"genre\",\"destination_table_display_more_column\":[\"id\",\"genre\"]},\"order\":2},{\"id\":67,\"data_type_id\":6,\"field\":\"title\",\"type\":\"text\",\"display_name\":\"Title\",\"required\":1,\"browse\":1,\"read\":1,\"edit\":1,\"add\":1,\"delete\":1,\"details\":\"{}\",\"relation\":null,\"order\":3},{\"id\":68,\"data_type_id\":6,\"field\":\"duration\",\"type\":\"datetime\",\"display_name\":\"Duration\",\"required\":1,\"browse\":1,\"read\":1,\"edit\":1,\"add\":1,\"delete\":1,\"details\":\"{}\",\"relation\":null,\"order\":4},{\"id\":69,\"data_type_id\":6,\"field\":\"release_date\",\"type\":\"date\",\"display_name\":\"Release Date\",\"required\":1,\"browse\":1,\"read\":1,\"edit\":1,\"add\":1,\"delete\":1,\"details\":\"{}\",\"relation\":null,\"order\":5},{\"id\":70,\"data_type_id\":6,\"field\":\"created_at\",\"type\":\"datetime\",\"display_name\":\"Created At\",\"required\":0,\"browse\":1,\"read\":1,\"edit\":0,\"add\":0,\"delete\":0,\"details\":\"{}\",\"relation\":null,\"order\":6},{\"id\":71,\"data_type_id\":6,\"field\":\"updated_at\",\"type\":\"datetime\",\"display_name\":\"Updated At\",\"required\":0,\"browse\":1,\"read\":1,\"edit\":0,\"add\":0,\"delete\":0,\"details\":\"{}\",\"relation\":null,\"order\":7}]}}',NULL,'2024-01-10 14:10:00','2024-01-10 14:10:00'),(33,'CRUD','CRUD table cinema-studios has been created',7,'Uasoft\\Badaso\\Models\\DataType','created',1,'Uasoft\\Badaso\\Models\\User','{\"attributes\":{\"name\":\"cinema_studios\",\"slug\":\"cinema-studios\",\"display_name_singular\":\"Cinema Studios\",\"display_name_plural\":\"Cinema Studios\",\"icon\":null,\"model_name\":null,\"policy_name\":null,\"controller\":null,\"order_column\":null,\"order_display_column\":null,\"order_direction\":null,\"generate_permissions\":true,\"server_side\":false,\"description\":null,\"details\":null,\"notification\":\"[]\",\"is_soft_delete\":false,\"updated_at\":\"2024-01-10T14:11:23.000000Z\",\"created_at\":\"2024-01-10T14:11:23.000000Z\",\"id\":7,\"data_rows\":[{\"id\":72,\"data_type_id\":7,\"field\":\"id\",\"type\":\"number\",\"display_name\":\"Id\",\"required\":1,\"browse\":0,\"read\":0,\"edit\":0,\"add\":0,\"delete\":0,\"details\":\"{}\",\"relation\":null,\"order\":1},{\"id\":73,\"data_type_id\":7,\"field\":\"studio\",\"type\":\"text\",\"display_name\":\"Studio\",\"required\":1,\"browse\":1,\"read\":1,\"edit\":1,\"add\":1,\"delete\":1,\"details\":\"{}\",\"relation\":null,\"order\":2},{\"id\":74,\"data_type_id\":7,\"field\":\"created_at\",\"type\":\"datetime\",\"display_name\":\"Created At\",\"required\":0,\"browse\":1,\"read\":1,\"edit\":0,\"add\":0,\"delete\":0,\"details\":\"{}\",\"relation\":null,\"order\":3},{\"id\":75,\"data_type_id\":7,\"field\":\"updated_at\",\"type\":\"datetime\",\"display_name\":\"Updated At\",\"required\":0,\"browse\":1,\"read\":1,\"edit\":0,\"add\":0,\"delete\":0,\"details\":\"{}\",\"relation\":null,\"order\":4}]}}',NULL,'2024-01-10 14:11:24','2024-01-10 14:11:24'),(34,'CRUD','CRUD table cinema-shows has been created',8,'Uasoft\\Badaso\\Models\\DataType','created',1,'Uasoft\\Badaso\\Models\\User','{\"attributes\":{\"name\":\"cinema_shows\",\"slug\":\"cinema-shows\",\"display_name_singular\":\"Cinema Shows\",\"display_name_plural\":\"Cinema Shows\",\"icon\":null,\"model_name\":null,\"policy_name\":null,\"controller\":null,\"order_column\":null,\"order_display_column\":null,\"order_direction\":null,\"generate_permissions\":true,\"server_side\":false,\"description\":null,\"details\":null,\"notification\":\"[]\",\"is_soft_delete\":false,\"updated_at\":\"2024-01-10T14:15:45.000000Z\",\"created_at\":\"2024-01-10T14:15:45.000000Z\",\"id\":8,\"data_rows\":[{\"id\":76,\"data_type_id\":8,\"field\":\"id\",\"type\":\"number\",\"display_name\":\"Id\",\"required\":1,\"browse\":0,\"read\":0,\"edit\":0,\"add\":0,\"delete\":0,\"details\":\"{}\",\"relation\":null,\"order\":1},{\"id\":77,\"data_type_id\":8,\"field\":\"movie_id\",\"type\":\"relation\",\"display_name\":\"Movie\",\"required\":1,\"browse\":1,\"read\":1,\"edit\":1,\"add\":1,\"delete\":1,\"details\":\"{}\",\"relation\":{\"relation_type\":\"belongs_to\",\"destination_table\":\"cinema_movies\",\"destination_table_column\":\"id\",\"destination_table_display_column\":\"title\",\"destination_table_display_more_column\":[\"id\",\"genre_id\",\"title\",\"duration\",\"release_date\"]},\"order\":2},{\"id\":78,\"data_type_id\":8,\"field\":\"studio_id\",\"type\":\"relation\",\"display_name\":\"Studio\",\"required\":1,\"browse\":1,\"read\":1,\"edit\":1,\"add\":1,\"delete\":1,\"details\":\"{}\",\"relation\":{\"relation_type\":\"belongs_to\",\"destination_table\":\"cinema_studios\",\"destination_table_column\":\"id\",\"destination_table_display_column\":\"studio\",\"destination_table_display_more_column\":[\"id\",\"studio\"]},\"order\":3},{\"id\":79,\"data_type_id\":8,\"field\":\"showtime\",\"type\":\"datetime\",\"display_name\":\"Showtime\",\"required\":1,\"browse\":1,\"read\":1,\"edit\":1,\"add\":1,\"delete\":1,\"details\":\"{}\",\"relation\":null,\"order\":4},{\"id\":80,\"data_type_id\":8,\"field\":\"created_at\",\"type\":\"datetime\",\"display_name\":\"Created At\",\"required\":0,\"browse\":1,\"read\":1,\"edit\":0,\"add\":0,\"delete\":0,\"details\":\"{}\",\"relation\":null,\"order\":5},{\"id\":81,\"data_type_id\":8,\"field\":\"updated_at\",\"type\":\"datetime\",\"display_name\":\"Updated At\",\"required\":0,\"browse\":1,\"read\":1,\"edit\":0,\"add\":0,\"delete\":0,\"details\":\"{}\",\"relation\":null,\"order\":6}]}}',NULL,'2024-01-10 14:15:46','2024-01-10 14:15:46');
INSERT INTO `activity_log` VALUES (35,'CRUD','CRUD table cinema-seats has been created',9,'Uasoft\\Badaso\\Models\\DataType','created',1,'Uasoft\\Badaso\\Models\\User','{\"attributes\":{\"name\":\"cinema_seats\",\"slug\":\"cinema-seats\",\"display_name_singular\":\"Cinema Seats\",\"display_name_plural\":\"Cinema Seats\",\"icon\":null,\"model_name\":null,\"policy_name\":null,\"controller\":null,\"order_column\":null,\"order_display_column\":null,\"order_direction\":null,\"generate_permissions\":true,\"server_side\":false,\"description\":null,\"details\":null,\"notification\":\"[]\",\"is_soft_delete\":false,\"updated_at\":\"2024-01-10T14:21:15.000000Z\",\"created_at\":\"2024-01-10T14:21:15.000000Z\",\"id\":9,\"data_rows\":[{\"id\":82,\"data_type_id\":9,\"field\":\"id\",\"type\":\"number\",\"display_name\":\"Id\",\"required\":1,\"browse\":0,\"read\":0,\"edit\":0,\"add\":0,\"delete\":0,\"details\":\"{}\",\"relation\":null,\"order\":1},{\"id\":83,\"data_type_id\":9,\"field\":\"show_id\",\"type\":\"relation\",\"display_name\":\"Show\",\"required\":1,\"browse\":1,\"read\":1,\"edit\":1,\"add\":1,\"delete\":1,\"details\":\"{}\",\"relation\":{\"relation_type\":\"belongs_to\",\"destination_table\":\"cinema_shows\",\"destination_table_column\":\"id\",\"destination_table_display_column\":\"showtime\",\"destination_table_display_more_column\":[\"id\",\"movie_id\",\"studio_id\",\"showtime\"]},\"order\":2},{\"id\":84,\"data_type_id\":9,\"field\":\"seat_number\",\"type\":\"text\",\"display_name\":\"Seat Number\",\"required\":1,\"browse\":1,\"read\":1,\"edit\":1,\"add\":1,\"delete\":1,\"details\":\"{}\",\"relation\":null,\"order\":3},{\"id\":85,\"data_type_id\":9,\"field\":\"seat_status\",\"type\":\"select\",\"display_name\":\"Seat Status\",\"required\":1,\"browse\":1,\"read\":1,\"edit\":1,\"add\":1,\"delete\":1,\"details\":\"{\\n   \\\"size\\\":12,\\n   \\\"items\\\":[\\n      {\\n         \\\"label\\\":\\\"Available\\\",\\n         \\\"value\\\":\\\"available\\\"\\n      },\\n      {\\n         \\\"label\\\":\\\"Not Available\\\",\\n         \\\"value\\\":\\\"not available\\\"\\n      }      \\n   ]\\n}\",\"relation\":null,\"order\":4},{\"id\":86,\"data_type_id\":9,\"field\":\"created_at\",\"type\":\"datetime\",\"display_name\":\"Created At\",\"required\":0,\"browse\":1,\"read\":1,\"edit\":0,\"add\":0,\"delete\":0,\"details\":\"{}\",\"relation\":null,\"order\":5},{\"id\":87,\"data_type_id\":9,\"field\":\"updated_at\",\"type\":\"datetime\",\"display_name\":\"Updated At\",\"required\":0,\"browse\":1,\"read\":1,\"edit\":0,\"add\":0,\"delete\":0,\"details\":\"{}\",\"relation\":null,\"order\":6}]}}',NULL,'2024-01-10 14:21:16','2024-01-10 14:21:16'),(36,'CRUD','CRUD table cinema-tickets has been created',10,'Uasoft\\Badaso\\Models\\DataType','created',1,'Uasoft\\Badaso\\Models\\User','{\"attributes\":{\"name\":\"cinema_tickets\",\"slug\":\"cinema-tickets\",\"display_name_singular\":\"Cinema Tickets\",\"display_name_plural\":\"Cinema Tickets\",\"icon\":null,\"model_name\":null,\"policy_name\":null,\"controller\":null,\"order_column\":null,\"order_display_column\":null,\"order_direction\":null,\"generate_permissions\":true,\"server_side\":false,\"description\":null,\"details\":null,\"notification\":\"[]\",\"is_soft_delete\":false,\"updated_at\":\"2024-01-10T14:24:19.000000Z\",\"created_at\":\"2024-01-10T14:24:19.000000Z\",\"id\":10,\"data_rows\":[{\"id\":88,\"data_type_id\":10,\"field\":\"id\",\"type\":\"number\",\"display_name\":\"Id\",\"required\":1,\"browse\":0,\"read\":0,\"edit\":0,\"add\":0,\"delete\":0,\"details\":\"{}\",\"relation\":null,\"order\":1},{\"id\":89,\"data_type_id\":10,\"field\":\"seat_id\",\"type\":\"relation\",\"display_name\":\"Seat\",\"required\":1,\"browse\":1,\"read\":1,\"edit\":1,\"add\":1,\"delete\":1,\"details\":\"{}\",\"relation\":{\"relation_type\":\"belongs_to\",\"destination_table\":\"cinema_seats\",\"destination_table_column\":\"id\",\"destination_table_display_column\":\"seat_number\",\"destination_table_display_more_column\":[\"id\",\"show_id\",\"seat_number\",\"seat_status\"]},\"order\":2},{\"id\":90,\"data_type_id\":10,\"field\":\"user_id\",\"type\":\"relation\",\"display_name\":\"User\",\"required\":1,\"browse\":1,\"read\":1,\"edit\":1,\"add\":1,\"delete\":1,\"details\":\"{}\",\"relation\":{\"relation_type\":\"belongs_to\",\"destination_table\":\"badaso_users\",\"destination_table_column\":\"id\",\"destination_table_display_column\":\"name\",\"destination_table_display_more_column\":[\"id\",\"name\",\"email\",\"phone\"]},\"order\":3},{\"id\":91,\"data_type_id\":10,\"field\":\"movie_id\",\"type\":\"number\",\"display_name\":\"Movie Id\",\"required\":1,\"browse\":1,\"read\":1,\"edit\":1,\"add\":1,\"delete\":1,\"details\":\"{}\",\"relation\":null,\"order\":4},{\"id\":92,\"data_type_id\":10,\"field\":\"code_ticket\",\"type\":\"text\",\"display_name\":\"Code Ticket\",\"required\":1,\"browse\":1,\"read\":1,\"edit\":1,\"add\":1,\"delete\":1,\"details\":\"{}\",\"relation\":null,\"order\":5},{\"id\":93,\"data_type_id\":10,\"field\":\"purchase_date\",\"type\":\"datetime\",\"display_name\":\"Purchase Date\",\"required\":1,\"browse\":1,\"read\":1,\"edit\":1,\"add\":1,\"delete\":1,\"details\":\"{}\",\"relation\":null,\"order\":6},{\"id\":94,\"data_type_id\":10,\"field\":\"created_at\",\"type\":\"datetime\",\"display_name\":\"Created At\",\"required\":0,\"browse\":1,\"read\":1,\"edit\":0,\"add\":0,\"delete\":0,\"details\":\"{}\",\"relation\":null,\"order\":7},{\"id\":95,\"data_type_id\":10,\"field\":\"updated_at\",\"type\":\"datetime\",\"display_name\":\"Updated At\",\"required\":0,\"browse\":1,\"read\":1,\"edit\":0,\"add\":0,\"delete\":0,\"details\":\"{}\",\"relation\":null,\"order\":8}]}}',NULL,'2024-01-10 14:24:20','2024-01-10 14:24:20'),(37,'Database','Edit table cinema_payments has been updated',NULL,NULL,'updated',1,'Uasoft\\Badaso\\Models\\User','{\"old\":[\"cinema_payments\",[{\"id\":\"deea7e39-35c1-44c5-821e-3ed834a84e9a\",\"field_name\":\"id\",\"field_type\":\"bigint\",\"field_length\":null,\"field_null\":false,\"field_attribute\":true,\"field_increment\":true,\"field_index\":\"primary\",\"field_default\":null},{\"id\":\"46fc997d-234a-4c1a-903b-4c5b1d1c71cd\",\"field_name\":\"ticket_id\",\"field_type\":\"bigint\",\"field_length\":null,\"field_null\":false,\"field_attribute\":true,\"field_increment\":false,\"field_index\":\"foreign\",\"field_default\":null},{\"id\":\"a137ace6-4a37-4666-b6c9-2e9332a7611f\",\"field_name\":\"payment_date\",\"field_type\":\"datetime\",\"field_length\":0,\"field_null\":false,\"field_attribute\":false,\"field_increment\":false,\"field_index\":null,\"field_default\":null},{\"id\":\"35c5c7cf-12cc-42b0-b577-bb19a91092b6\",\"field_name\":\"price\",\"field_type\":\"varchar\",\"field_length\":100,\"field_null\":false,\"field_attribute\":false,\"field_increment\":false,\"field_index\":null,\"field_default\":null},{\"id\":\"79135a57-bb9b-4c61-9e30-87cfccee913e\",\"field_name\":\"payment_receipt\",\"field_type\":\"text\",\"field_length\":65535,\"field_null\":false,\"field_attribute\":false,\"field_increment\":false,\"field_index\":null,\"field_default\":null},{\"id\":\"84ad3419-f7b5-4790-8ac2-d5e38f8b3ea8\",\"field_name\":\"status\",\"field_type\":\"enum\",\"field_length\":\"pending,success\",\"field_null\":false,\"field_attribute\":false,\"field_increment\":false,\"field_index\":null,\"field_default\":null},{\"id\":\"b2aeb556-34fb-4025-bd7f-7ff980cfbb70\",\"field_name\":\"created_at\",\"field_type\":\"timestamp\",\"field_length\":null,\"field_null\":true,\"field_attribute\":false,\"field_increment\":false,\"field_index\":null,\"field_default\":null},{\"id\":\"53802378-9583-4649-8628-aedb4cecec75\",\"field_name\":\"updated_at\",\"field_type\":\"timestamp\",\"field_length\":null,\"field_null\":true,\"field_attribute\":false,\"field_increment\":false,\"field_index\":null,\"field_default\":null}],{\"46fc997d-234a-4c1a-903b-4c5b1d1c71cd\":{\"source_field\":\"ticket_id\",\"target_table\":\"cinema_tickets\",\"target_field\":\"id\",\"on_delete\":null,\"on_update\":null}}],\"new\":[\"cinema_payments\",[{\"id\":\"deea7e39-35c1-44c5-821e-3ed834a84e9a\",\"field_name\":\"id\",\"field_type\":\"bigint\",\"field_length\":null,\"field_null\":false,\"field_attribute\":true,\"field_increment\":true,\"field_index\":\"primary\",\"field_default\":null,\"modify_type\":[],\"undeletable\":true,\"indexes\":false},{\"id\":\"46fc997d-234a-4c1a-903b-4c5b1d1c71cd\",\"field_name\":\"ticket_id\",\"field_type\":\"bigint\",\"field_length\":null,\"field_null\":false,\"field_attribute\":true,\"field_increment\":false,\"field_index\":\"foreign\",\"field_default\":null,\"modify_type\":[],\"undeletable\":false,\"indexes\":false},{\"id\":\"a137ace6-4a37-4666-b6c9-2e9332a7611f\",\"field_name\":\"payment_date\",\"field_type\":\"datetime\",\"field_length\":0,\"field_null\":false,\"field_attribute\":false,\"field_increment\":false,\"field_index\":null,\"field_default\":null,\"modify_type\":[],\"undeletable\":false,\"indexes\":false},{\"id\":\"35c5c7cf-12cc-42b0-b577-bb19a91092b6\",\"field_name\":\"price\",\"field_type\":\"varchar\",\"field_length\":100,\"field_null\":false,\"field_attribute\":false,\"field_increment\":false,\"field_index\":null,\"field_default\":null,\"modify_type\":[],\"undeletable\":false,\"indexes\":false},{\"id\":\"79135a57-bb9b-4c61-9e30-87cfccee913e\",\"field_name\":\"payment_receipt\",\"field_type\":\"text\",\"field_length\":65535,\"field_null\":false,\"field_attribute\":false,\"field_increment\":false,\"field_index\":null,\"field_default\":null,\"modify_type\":[],\"undeletable\":false,\"indexes\":false},{\"id\":\"84ad3419-f7b5-4790-8ac2-d5e38f8b3ea8\",\"field_name\":\"status\",\"field_type\":\"enum\",\"field_length\":\"pending,success\",\"field_null\":false,\"field_attribute\":false,\"field_increment\":false,\"field_index\":null,\"field_default\":null,\"modify_type\":[],\"undeletable\":false,\"indexes\":false},{\"id\":\"d17175e0-adc7-45e7-b835-8551dbb0f840\",\"field_name\":\"user_id\",\"field_type\":\"bigint\",\"field_length\":null,\"field_null\":false,\"field_attribute\":true,\"field_increment\":false,\"field_index\":\"foreign\",\"field_default\":null,\"modify_type\":[\"CREATE\"]},{\"id\":\"b2aeb556-34fb-4025-bd7f-7ff980cfbb70\",\"field_name\":\"created_at\",\"field_type\":\"timestamp\",\"field_length\":null,\"field_null\":true,\"field_attribute\":false,\"field_increment\":false,\"field_index\":null,\"field_default\":null,\"modify_type\":[],\"undeletable\":true,\"indexes\":true},{\"id\":\"53802378-9583-4649-8628-aedb4cecec75\",\"field_name\":\"updated_at\",\"field_type\":\"timestamp\",\"field_length\":null,\"field_null\":true,\"field_attribute\":false,\"field_increment\":false,\"field_index\":null,\"field_default\":null,\"modify_type\":[],\"undeletable\":true,\"indexes\":false}],{\"46fc997d-234a-4c1a-903b-4c5b1d1c71cd\":{\"source_field\":\"ticket_id\",\"target_table\":\"cinema_tickets\",\"target_field\":\"id\",\"on_delete\":null,\"on_update\":null},\"d17175e0-adc7-45e7-b835-8551dbb0f840\":{\"modify_type\":\"ADD_FOREIGN_KEY\",\"source_field\":\"user_id\",\"target_table\":\"badaso_users\",\"target_field\":\"id\",\"on_delete\":\"restrict\",\"on_update\":\"restrict\",\"new\":true}}]}',NULL,'2024-01-10 14:30:59','2024-01-10 14:30:59'),(38,'CRUD','CRUD table cinema-payments has been created',11,'Uasoft\\Badaso\\Models\\DataType','created',1,'Uasoft\\Badaso\\Models\\User','{\"attributes\":{\"name\":\"cinema_payments\",\"slug\":\"cinema-payments\",\"display_name_singular\":\"Cinema Payments\",\"display_name_plural\":\"Cinema Payments\",\"icon\":null,\"model_name\":null,\"policy_name\":null,\"controller\":null,\"order_column\":null,\"order_display_column\":null,\"order_direction\":null,\"generate_permissions\":true,\"server_side\":false,\"description\":null,\"details\":null,\"notification\":\"[]\",\"is_soft_delete\":false,\"updated_at\":\"2024-01-10T14:35:59.000000Z\",\"created_at\":\"2024-01-10T14:35:59.000000Z\",\"id\":11,\"data_rows\":[{\"id\":96,\"data_type_id\":11,\"field\":\"id\",\"type\":\"number\",\"display_name\":\"Id\",\"required\":1,\"browse\":0,\"read\":0,\"edit\":0,\"add\":0,\"delete\":0,\"details\":\"{}\",\"relation\":null,\"order\":1},{\"id\":97,\"data_type_id\":11,\"field\":\"ticket_id\",\"type\":\"relation\",\"display_name\":\"Ticket\",\"required\":1,\"browse\":1,\"read\":1,\"edit\":1,\"add\":1,\"delete\":1,\"details\":\"{}\",\"relation\":{\"relation_type\":\"belongs_to\",\"destination_table\":\"cinema_tickets\",\"destination_table_column\":\"id\",\"destination_table_display_column\":\"code_ticket\",\"destination_table_display_more_column\":[\"id\",\"seat_id\",\"user_id\",\"movie_id\",\"code_ticket\",\"purchase_date\"]},\"order\":2},{\"id\":98,\"data_type_id\":11,\"field\":\"user_id\",\"type\":\"relation\",\"display_name\":\"User\",\"required\":1,\"browse\":1,\"read\":1,\"edit\":1,\"add\":1,\"delete\":1,\"details\":\"{}\",\"relation\":{\"relation_type\":\"belongs_to\",\"destination_table\":\"badaso_users\",\"destination_table_column\":\"id\",\"destination_table_display_column\":\"name\",\"destination_table_display_more_column\":[\"id\",\"name\",\"email\",\"phone\"]},\"order\":3},{\"id\":99,\"data_type_id\":11,\"field\":\"payment_date\",\"type\":\"datetime\",\"display_name\":\"Payment Date\",\"required\":1,\"browse\":1,\"read\":1,\"edit\":1,\"add\":1,\"delete\":1,\"details\":\"{}\",\"relation\":null,\"order\":4},{\"id\":100,\"data_type_id\":11,\"field\":\"price\",\"type\":\"text\",\"display_name\":\"Price\",\"required\":1,\"browse\":1,\"read\":1,\"edit\":1,\"add\":1,\"delete\":1,\"details\":\"{}\",\"relation\":null,\"order\":5},{\"id\":101,\"data_type_id\":11,\"field\":\"payment_receipt\",\"type\":\"upload_file\",\"display_name\":\"Payment Receipt\",\"required\":1,\"browse\":1,\"read\":1,\"edit\":1,\"add\":1,\"delete\":1,\"details\":\"{}\",\"relation\":null,\"order\":6},{\"id\":102,\"data_type_id\":11,\"field\":\"status\",\"type\":\"select\",\"display_name\":\"Status\",\"required\":1,\"browse\":1,\"read\":1,\"edit\":1,\"add\":1,\"delete\":1,\"details\":\"{\\n   \\\"size\\\":12,\\n   \\\"items\\\":[\\n      {\\n         \\\"label\\\":\\\"Pending\\\",\\n         \\\"value\\\":\\\"pending\\\"\\n      },\\n      {\\n         \\\"label\\\":\\\"Success\\\",\\n         \\\"value\\\":\\\"success\\\"\\n      }\\n   ]\\n}\",\"relation\":null,\"order\":7},{\"id\":103,\"data_type_id\":11,\"field\":\"created_at\",\"type\":\"datetime\",\"display_name\":\"Created At\",\"required\":0,\"browse\":1,\"read\":1,\"edit\":0,\"add\":0,\"delete\":0,\"details\":\"{}\",\"relation\":null,\"order\":8},{\"id\":104,\"data_type_id\":11,\"field\":\"updated_at\",\"type\":\"datetime\",\"display_name\":\"Updated At\",\"required\":0,\"browse\":1,\"read\":1,\"edit\":0,\"add\":0,\"delete\":0,\"details\":\"{}\",\"relation\":null,\"order\":9}]}}',NULL,'2024-01-10 14:36:00','2024-01-10 14:36:00'),(39,'CRUD','CRUD table cinema-genres has been created',12,'Uasoft\\Badaso\\Models\\DataType','created',1,'Uasoft\\Badaso\\Models\\User','{\"attributes\":{\"name\":\"cinema_genres\",\"slug\":\"cinema-genres\",\"display_name_singular\":\"Cinema Genres\",\"display_name_plural\":\"Cinema Genres\",\"icon\":null,\"model_name\":null,\"policy_name\":null,\"controller\":null,\"order_column\":null,\"order_display_column\":null,\"order_direction\":null,\"generate_permissions\":true,\"server_side\":false,\"description\":null,\"details\":null,\"notification\":\"[]\",\"is_soft_delete\":false,\"updated_at\":\"2024-01-10T14:36:31.000000Z\",\"created_at\":\"2024-01-10T14:36:31.000000Z\",\"id\":12,\"data_rows\":[{\"id\":105,\"data_type_id\":12,\"field\":\"id\",\"type\":\"number\",\"display_name\":\"Id\",\"required\":1,\"browse\":0,\"read\":0,\"edit\":0,\"add\":0,\"delete\":0,\"details\":\"{}\",\"relation\":null,\"order\":1},{\"id\":106,\"data_type_id\":12,\"field\":\"genre\",\"type\":\"text\",\"display_name\":\"Genre\",\"required\":1,\"browse\":1,\"read\":1,\"edit\":1,\"add\":1,\"delete\":1,\"details\":\"{}\",\"relation\":null,\"order\":2},{\"id\":107,\"data_type_id\":12,\"field\":\"created_at\",\"type\":\"datetime\",\"display_name\":\"Created At\",\"required\":0,\"browse\":1,\"read\":1,\"edit\":0,\"add\":0,\"delete\":0,\"details\":\"{}\",\"relation\":null,\"order\":3},{\"id\":108,\"data_type_id\":12,\"field\":\"updated_at\",\"type\":\"datetime\",\"display_name\":\"Updated At\",\"required\":0,\"browse\":1,\"read\":1,\"edit\":0,\"add\":0,\"delete\":0,\"details\":\"{}\",\"relation\":null,\"order\":4}]}}',NULL,'2024-01-10 14:36:32','2024-01-10 14:36:32'),(40,'Cinema Genres','Cinema Genres has been created',NULL,NULL,NULL,1,'Uasoft\\Badaso\\Models\\User','{\"attributes\":{\"id\":1,\"genre\":\"horror\",\"created_at\":\"2024-01-10 14:38:10\",\"updated_at\":\"2024-01-10 14:38:10\"}}',NULL,'2024-01-10 14:38:10','2024-01-10 14:38:10'),(41,'Cinema Genres','Cinema Genres has been created',NULL,NULL,NULL,1,'Uasoft\\Badaso\\Models\\User','{\"attributes\":{\"id\":2,\"genre\":\"action\",\"created_at\":\"2024-01-10 14:38:20\",\"updated_at\":\"2024-01-10 14:38:20\"}}',NULL,'2024-01-10 14:38:20','2024-01-10 14:38:20'),(42,'CRUD','CRUD table cinema-movies has been updated',6,'Uasoft\\Badaso\\Models\\DataType','updated',1,'Uasoft\\Badaso\\Models\\User','{\"old\":{\"id\":6,\"name\":\"cinema_movies\",\"slug\":\"cinema-movies\",\"display_name_singular\":\"Cinema Movies\",\"display_name_plural\":\"Cinema Movies\",\"icon\":null,\"model_name\":null,\"policy_name\":null,\"controller\":null,\"order_column\":null,\"order_display_column\":null,\"order_direction\":null,\"generate_permissions\":true,\"server_side\":false,\"is_maintenance\":0,\"description\":null,\"details\":null,\"notification\":\"[]\",\"is_soft_delete\":false,\"created_at\":\"2024-01-10T14:09:58.000000Z\",\"updated_at\":\"2024-01-10T14:44:30.000000Z\",\"data_rows\":[{\"id\":109,\"data_type_id\":6,\"field\":\"id\",\"type\":\"number\",\"display_name\":\"Id\",\"required\":1,\"browse\":0,\"read\":0,\"edit\":0,\"add\":0,\"delete\":0,\"details\":\"{}\",\"relation\":null,\"order\":1},{\"id\":110,\"data_type_id\":6,\"field\":\"genre_id\",\"type\":\"relation\",\"display_name\":\"Genre Id\",\"required\":1,\"browse\":1,\"read\":1,\"edit\":1,\"add\":1,\"delete\":1,\"details\":\"{}\",\"relation\":{\"relation_type\":\"belongs_to\",\"destination_table\":\"cinema_genres\",\"destination_table_column\":\"id\",\"destination_table_display_column\":\"genre\",\"destination_table_display_more_column\":[\"id\",\"genre\"]},\"order\":2},{\"id\":111,\"data_type_id\":6,\"field\":\"title\",\"type\":\"text\",\"display_name\":\"Title\",\"required\":1,\"browse\":1,\"read\":1,\"edit\":1,\"add\":1,\"delete\":1,\"details\":\"{}\",\"relation\":null,\"order\":3},{\"id\":112,\"data_type_id\":6,\"field\":\"duration\",\"type\":\"time\",\"display_name\":\"Duration\",\"required\":1,\"browse\":1,\"read\":1,\"edit\":1,\"add\":1,\"delete\":1,\"details\":\"{}\",\"relation\":null,\"order\":4},{\"id\":113,\"data_type_id\":6,\"field\":\"release_date\",\"type\":\"date\",\"display_name\":\"Release Date\",\"required\":1,\"browse\":1,\"read\":1,\"edit\":1,\"add\":1,\"delete\":1,\"details\":\"{}\",\"relation\":null,\"order\":5},{\"id\":114,\"data_type_id\":6,\"field\":\"created_at\",\"type\":\"datetime\",\"display_name\":\"Created At\",\"required\":0,\"browse\":1,\"read\":1,\"edit\":0,\"add\":0,\"delete\":0,\"details\":\"{}\",\"relation\":null,\"order\":6},{\"id\":115,\"data_type_id\":6,\"field\":\"updated_at\",\"type\":\"datetime\",\"display_name\":\"Updated At\",\"required\":0,\"browse\":1,\"read\":1,\"edit\":0,\"add\":0,\"delete\":0,\"details\":\"{}\",\"relation\":null,\"order\":7}]},\"new\":{\"id\":6,\"name\":\"cinema_movies\",\"slug\":\"cinema-movies\",\"displayNameSingular\":\"Cinema Movies\",\"displayNamePlural\":\"Cinema Movies\",\"icon\":null,\"modelName\":null,\"policyName\":null,\"controller\":null,\"orderColumn\":null,\"orderDisplayColumn\":null,\"orderDirection\":null,\"generatePermissions\":true,\"serverSide\":false,\"isMaintenance\":0,\"description\":null,\"details\":null,\"notification\":[],\"isSoftDelete\":0,\"createdAt\":\"2024-01-10T14:09:58.000000Z\",\"updatedAt\":\"2024-01-10T14:09:58.000000Z\",\"dataRows\":[{\"id\":65,\"dataTypeId\":6,\"field\":\"id\",\"type\":\"number\",\"displayName\":\"Id\",\"required\":1,\"browse\":0,\"read\":0,\"edit\":0,\"add\":0,\"delete\":0,\"details\":\"{}\",\"relation\":null,\"order\":1},{\"id\":66,\"dataTypeId\":6,\"field\":\"genre_id\",\"type\":\"relation\",\"displayName\":\"Genre Id\",\"required\":1,\"browse\":1,\"read\":1,\"edit\":1,\"add\":1,\"delete\":1,\"details\":\"{}\",\"relation\":{\"relationType\":\"belongs_to\",\"destinationTable\":\"cinema_genres\",\"destinationTableColumn\":\"id\",\"destinationTableDisplayColumn\":\"genre\",\"destinationTableDisplayMoreColumn\":[\"id\",\"genre\"]},\"order\":2},{\"id\":67,\"dataTypeId\":6,\"field\":\"title\",\"type\":\"text\",\"displayName\":\"Title\",\"required\":1,\"browse\":1,\"read\":1,\"edit\":1,\"add\":1,\"delete\":1,\"details\":\"{}\",\"relation\":null,\"order\":3},{\"id\":68,\"dataTypeId\":6,\"field\":\"duration\",\"type\":\"datetime\",\"displayName\":\"Duration\",\"required\":1,\"browse\":1,\"read\":1,\"edit\":1,\"add\":1,\"delete\":1,\"details\":\"{}\",\"relation\":null,\"order\":4},{\"id\":69,\"dataTypeId\":6,\"field\":\"release_date\",\"type\":\"date\",\"displayName\":\"Release Date\",\"required\":1,\"browse\":1,\"read\":1,\"edit\":1,\"add\":1,\"delete\":1,\"details\":\"{}\",\"relation\":null,\"order\":5},{\"id\":70,\"dataTypeId\":6,\"field\":\"created_at\",\"type\":\"datetime\",\"displayName\":\"Created At\",\"required\":0,\"browse\":1,\"read\":1,\"edit\":0,\"add\":0,\"delete\":0,\"details\":\"{}\",\"relation\":null,\"order\":6},{\"id\":71,\"dataTypeId\":6,\"field\":\"updated_at\",\"type\":\"datetime\",\"displayName\":\"Updated At\",\"required\":0,\"browse\":1,\"read\":1,\"edit\":0,\"add\":0,\"delete\":0,\"details\":\"{}\",\"relation\":null,\"order\":7}],\"createSoftDelete\":false,\"rows\":[{\"label\":\"id\",\"value\":\"id\",\"field\":\"id\",\"type\":\"number\",\"display_name\":\"Id\",\"required\":true,\"browse\":false,\"read\":false,\"edit\":false,\"add\":false,\"delete\":false,\"details\":\"{}\",\"relation_type\":null,\"destination_table\":null,\"destination_table_column\":null,\"destination_table_display_column\":null,\"destination_table_display_more_column\":null,\"order\":1,\"set_relation\":false},{\"label\":\"genre_id\",\"value\":\"genre_id\",\"field\":\"genre_id\",\"type\":\"relation\",\"display_name\":\"Genre Id\",\"required\":true,\"browse\":true,\"read\":true,\"edit\":true,\"add\":true,\"delete\":true,\"details\":\"{}\",\"relation_type\":\"belongs_to\",\"destination_table\":\"cinema_genres\",\"destination_table_column\":\"id\",\"destination_table_display_column\":\"genre\",\"destination_table_display_more_column\":[\"id\",\"genre\"],\"order\":2,\"set_relation\":false},{\"label\":\"title\",\"value\":\"title\",\"field\":\"title\",\"type\":\"text\",\"display_name\":\"Title\",\"required\":true,\"browse\":true,\"read\":true,\"edit\":true,\"add\":true,\"delete\":true,\"details\":\"{}\",\"relation_type\":null,\"destination_table\":null,\"destination_table_column\":null,\"destination_table_display_column\":null,\"destination_table_display_more_column\":null,\"order\":3,\"set_relation\":false},{\"label\":\"duration\",\"value\":\"duration\",\"field\":\"duration\",\"type\":\"time\",\"display_name\":\"Duration\",\"required\":true,\"browse\":true,\"read\":true,\"edit\":true,\"add\":true,\"delete\":true,\"details\":\"{}\",\"relation_type\":null,\"destination_table\":null,\"destination_table_column\":null,\"destination_table_display_column\":null,\"destination_table_display_more_column\":null,\"order\":4,\"set_relation\":false},{\"label\":\"release_date\",\"value\":\"release_date\",\"field\":\"release_date\",\"type\":\"date\",\"display_name\":\"Release Date\",\"required\":true,\"browse\":true,\"read\":true,\"edit\":true,\"add\":true,\"delete\":true,\"details\":\"{}\",\"relation_type\":null,\"destination_table\":null,\"destination_table_column\":null,\"destination_table_display_column\":null,\"destination_table_display_more_column\":null,\"order\":5,\"set_relation\":false},{\"label\":\"created_at\",\"value\":\"created_at\",\"field\":\"created_at\",\"type\":\"datetime\",\"display_name\":\"Created At\",\"required\":false,\"browse\":true,\"read\":true,\"edit\":false,\"add\":false,\"delete\":false,\"details\":\"{}\",\"relation_type\":null,\"destination_table\":null,\"destination_table_column\":null,\"destination_table_display_column\":null,\"destination_table_display_more_column\":null,\"order\":6,\"set_relation\":false},{\"label\":\"updated_at\",\"value\":\"updated_at\",\"field\":\"updated_at\",\"type\":\"datetime\",\"display_name\":\"Updated At\",\"required\":false,\"browse\":true,\"read\":true,\"edit\":false,\"add\":false,\"delete\":false,\"details\":\"{}\",\"relation_type\":null,\"destination_table\":null,\"destination_table_column\":null,\"destination_table_display_column\":null,\"destination_table_display_more_column\":null,\"order\":7,\"set_relation\":false}],\"display_name_singular\":\"Cinema Movies\",\"display_name_plural\":\"Cinema Movies\",\"model_name\":null,\"policy_name\":null,\"order_column\":null,\"order_display_column\":null,\"order_direction\":null,\"generate_permissions\":true,\"server_side\":false,\"is_maintenance\":0,\"is_soft_delete\":0,\"created_at\":\"2024-01-10T14:09:58.000000Z\",\"updated_at\":\"2024-01-10T14:09:58.000000Z\",\"data_rows\":[{\"id\":65,\"data_type_id\":6,\"field\":\"id\",\"type\":\"number\",\"display_name\":\"Id\",\"required\":1,\"browse\":0,\"read\":0,\"edit\":0,\"add\":0,\"delete\":0,\"details\":\"{}\",\"relation\":null,\"order\":1},{\"id\":66,\"data_type_id\":6,\"field\":\"genre_id\",\"type\":\"relation\",\"display_name\":\"Genre Id\",\"required\":1,\"browse\":1,\"read\":1,\"edit\":1,\"add\":1,\"delete\":1,\"details\":\"{}\",\"relation\":{\"relation_type\":\"belongs_to\",\"destination_table\":\"cinema_genres\",\"destination_table_column\":\"id\",\"destination_table_display_column\":\"genre\",\"destination_table_display_more_column\":[\"id\",\"genre\"]},\"order\":2},{\"id\":67,\"data_type_id\":6,\"field\":\"title\",\"type\":\"text\",\"display_name\":\"Title\",\"required\":1,\"browse\":1,\"read\":1,\"edit\":1,\"add\":1,\"delete\":1,\"details\":\"{}\",\"relation\":null,\"order\":3},{\"id\":68,\"data_type_id\":6,\"field\":\"duration\",\"type\":\"datetime\",\"display_name\":\"Duration\",\"required\":1,\"browse\":1,\"read\":1,\"edit\":1,\"add\":1,\"delete\":1,\"details\":\"{}\",\"relation\":null,\"order\":4},{\"id\":69,\"data_type_id\":6,\"field\":\"release_date\",\"type\":\"date\",\"display_name\":\"Release Date\",\"required\":1,\"browse\":1,\"read\":1,\"edit\":1,\"add\":1,\"delete\":1,\"details\":\"{}\",\"relation\":null,\"order\":5},{\"id\":70,\"data_type_id\":6,\"field\":\"created_at\",\"type\":\"datetime\",\"display_name\":\"Created At\",\"required\":0,\"browse\":1,\"read\":1,\"edit\":0,\"add\":0,\"delete\":0,\"details\":\"{}\",\"relation\":null,\"order\":6},{\"id\":71,\"data_type_id\":6,\"field\":\"updated_at\",\"type\":\"datetime\",\"display_name\":\"Updated At\",\"required\":0,\"browse\":1,\"read\":1,\"edit\":0,\"add\":0,\"delete\":0,\"details\":\"{}\",\"relation\":null,\"order\":7}],\"create_soft_delete\":false}}',NULL,'2024-01-10 14:44:31','2024-01-10 14:44:31'),(43,'CRUD','CRUD table cinema-movies has been updated',6,'Uasoft\\Badaso\\Models\\DataType','updated',1,'Uasoft\\Badaso\\Models\\User','{\"old\":{\"id\":6,\"name\":\"cinema_movies\",\"slug\":\"cinema-movies\",\"display_name_singular\":\"Cinema Movies\",\"display_name_plural\":\"Cinema Movies\",\"icon\":null,\"model_name\":null,\"policy_name\":null,\"controller\":null,\"order_column\":null,\"order_display_column\":null,\"order_direction\":null,\"generate_permissions\":true,\"server_side\":false,\"is_maintenance\":0,\"description\":null,\"details\":null,\"notification\":\"[]\",\"is_soft_delete\":false,\"created_at\":\"2024-01-10T14:09:58.000000Z\",\"updated_at\":\"2024-01-10T14:48:13.000000Z\",\"data_rows\":[{\"id\":116,\"data_type_id\":6,\"field\":\"id\",\"type\":\"number\",\"display_name\":\"Id\",\"required\":1,\"browse\":0,\"read\":0,\"edit\":0,\"add\":0,\"delete\":0,\"details\":\"{}\",\"relation\":null,\"order\":1},{\"id\":117,\"data_type_id\":6,\"field\":\"genre_id\",\"type\":\"relation\",\"display_name\":\"Genre\",\"required\":1,\"browse\":1,\"read\":1,\"edit\":1,\"add\":1,\"delete\":1,\"details\":\"{}\",\"relation\":{\"relation_type\":\"belongs_to_many\",\"destination_table\":\"cinema_genres\",\"destination_table_column\":\"id\",\"destination_table_display_column\":\"genre\",\"destination_table_display_more_column\":[\"id\",\"genre\"]},\"order\":2},{\"id\":118,\"data_type_id\":6,\"field\":\"title\",\"type\":\"text\",\"display_name\":\"Title\",\"required\":1,\"browse\":1,\"read\":1,\"edit\":1,\"add\":1,\"delete\":1,\"details\":\"{}\",\"relation\":null,\"order\":3},{\"id\":119,\"data_type_id\":6,\"field\":\"duration\",\"type\":\"time\",\"display_name\":\"Duration\",\"required\":1,\"browse\":1,\"read\":1,\"edit\":1,\"add\":1,\"delete\":1,\"details\":\"{}\",\"relation\":null,\"order\":4},{\"id\":120,\"data_type_id\":6,\"field\":\"release_date\",\"type\":\"date\",\"display_name\":\"Release Date\",\"required\":1,\"browse\":1,\"read\":1,\"edit\":1,\"add\":1,\"delete\":1,\"details\":\"{}\",\"relation\":null,\"order\":5},{\"id\":121,\"data_type_id\":6,\"field\":\"created_at\",\"type\":\"datetime\",\"display_name\":\"Created At\",\"required\":0,\"browse\":1,\"read\":1,\"edit\":0,\"add\":0,\"delete\":0,\"details\":\"{}\",\"relation\":null,\"order\":6},{\"id\":122,\"data_type_id\":6,\"field\":\"updated_at\",\"type\":\"datetime\",\"display_name\":\"Updated At\",\"required\":0,\"browse\":1,\"read\":1,\"edit\":0,\"add\":0,\"delete\":0,\"details\":\"{}\",\"relation\":null,\"order\":7}]},\"new\":{\"id\":6,\"name\":\"cinema_movies\",\"slug\":\"cinema-movies\",\"displayNameSingular\":\"Cinema Movies\",\"displayNamePlural\":\"Cinema Movies\",\"icon\":null,\"modelName\":null,\"policyName\":null,\"controller\":null,\"orderColumn\":null,\"orderDisplayColumn\":null,\"orderDirection\":null,\"generatePermissions\":true,\"serverSide\":false,\"isMaintenance\":0,\"description\":null,\"details\":null,\"notification\":[],\"isSoftDelete\":0,\"createdAt\":\"2024-01-10T14:09:58.000000Z\",\"updatedAt\":\"2024-01-10T14:44:30.000000Z\",\"dataRows\":[{\"id\":109,\"dataTypeId\":6,\"field\":\"id\",\"type\":\"number\",\"displayName\":\"Id\",\"required\":1,\"browse\":0,\"read\":0,\"edit\":0,\"add\":0,\"delete\":0,\"details\":\"{}\",\"relation\":null,\"order\":1},{\"id\":110,\"dataTypeId\":6,\"field\":\"genre_id\",\"type\":\"relation\",\"displayName\":\"Genre Id\",\"required\":1,\"browse\":1,\"read\":1,\"edit\":1,\"add\":1,\"delete\":1,\"details\":\"{}\",\"relation\":{\"relationType\":\"belongs_to\",\"destinationTable\":\"cinema_genres\",\"destinationTableColumn\":\"id\",\"destinationTableDisplayColumn\":\"genre\",\"destinationTableDisplayMoreColumn\":[\"id\",\"genre\"]},\"order\":2},{\"id\":111,\"dataTypeId\":6,\"field\":\"title\",\"type\":\"text\",\"displayName\":\"Title\",\"required\":1,\"browse\":1,\"read\":1,\"edit\":1,\"add\":1,\"delete\":1,\"details\":\"{}\",\"relation\":null,\"order\":3},{\"id\":112,\"dataTypeId\":6,\"field\":\"duration\",\"type\":\"time\",\"displayName\":\"Duration\",\"required\":1,\"browse\":1,\"read\":1,\"edit\":1,\"add\":1,\"delete\":1,\"details\":\"{}\",\"relation\":null,\"order\":4},{\"id\":113,\"dataTypeId\":6,\"field\":\"release_date\",\"type\":\"date\",\"displayName\":\"Release Date\",\"required\":1,\"browse\":1,\"read\":1,\"edit\":1,\"add\":1,\"delete\":1,\"details\":\"{}\",\"relation\":null,\"order\":5},{\"id\":114,\"dataTypeId\":6,\"field\":\"created_at\",\"type\":\"datetime\",\"displayName\":\"Created At\",\"required\":0,\"browse\":1,\"read\":1,\"edit\":0,\"add\":0,\"delete\":0,\"details\":\"{}\",\"relation\":null,\"order\":6},{\"id\":115,\"dataTypeId\":6,\"field\":\"updated_at\",\"type\":\"datetime\",\"displayName\":\"Updated At\",\"required\":0,\"browse\":1,\"read\":1,\"edit\":0,\"add\":0,\"delete\":0,\"details\":\"{}\",\"relation\":null,\"order\":7}],\"createSoftDelete\":false,\"rows\":[{\"label\":\"id\",\"value\":\"id\",\"field\":\"id\",\"type\":\"number\",\"display_name\":\"Id\",\"required\":true,\"browse\":false,\"read\":false,\"edit\":false,\"add\":false,\"delete\":false,\"details\":\"{}\",\"relation_type\":null,\"destination_table\":null,\"destination_table_column\":null,\"destination_table_display_column\":null,\"destination_table_display_more_column\":null,\"order\":1,\"set_relation\":false},{\"label\":\"genre_id\",\"value\":\"genre_id\",\"field\":\"genre_id\",\"type\":\"relation\",\"display_name\":\"Genre\",\"required\":true,\"browse\":true,\"read\":true,\"edit\":true,\"add\":true,\"delete\":true,\"details\":\"{}\",\"relation_type\":\"belongs_to_many\",\"destination_table\":\"cinema_genres\",\"destination_table_column\":\"id\",\"destination_table_display_column\":\"genre\",\"destination_table_display_more_column\":[\"id\",\"genre\"],\"order\":2,\"set_relation\":false},{\"label\":\"title\",\"value\":\"title\",\"field\":\"title\",\"type\":\"text\",\"display_name\":\"Title\",\"required\":true,\"browse\":true,\"read\":true,\"edit\":true,\"add\":true,\"delete\":true,\"details\":\"{}\",\"relation_type\":null,\"destination_table\":null,\"destination_table_column\":null,\"destination_table_display_column\":null,\"destination_table_display_more_column\":null,\"order\":3,\"set_relation\":false},{\"label\":\"duration\",\"value\":\"duration\",\"field\":\"duration\",\"type\":\"time\",\"display_name\":\"Duration\",\"required\":true,\"browse\":true,\"read\":true,\"edit\":true,\"add\":true,\"delete\":true,\"details\":\"{}\",\"relation_type\":null,\"destination_table\":null,\"destination_table_column\":null,\"destination_table_display_column\":null,\"destination_table_display_more_column\":null,\"order\":4,\"set_relation\":false},{\"label\":\"release_date\",\"value\":\"release_date\",\"field\":\"release_date\",\"type\":\"date\",\"display_name\":\"Release Date\",\"required\":true,\"browse\":true,\"read\":true,\"edit\":true,\"add\":true,\"delete\":true,\"details\":\"{}\",\"relation_type\":null,\"destination_table\":null,\"destination_table_column\":null,\"destination_table_display_column\":null,\"destination_table_display_more_column\":null,\"order\":5,\"set_relation\":false},{\"label\":\"created_at\",\"value\":\"created_at\",\"field\":\"created_at\",\"type\":\"datetime\",\"display_name\":\"Created At\",\"required\":false,\"browse\":true,\"read\":true,\"edit\":false,\"add\":false,\"delete\":false,\"details\":\"{}\",\"relation_type\":null,\"destination_table\":null,\"destination_table_column\":null,\"destination_table_display_column\":null,\"destination_table_display_more_column\":null,\"order\":6,\"set_relation\":false},{\"label\":\"updated_at\",\"value\":\"updated_at\",\"field\":\"updated_at\",\"type\":\"datetime\",\"display_name\":\"Updated At\",\"required\":false,\"browse\":true,\"read\":true,\"edit\":false,\"add\":false,\"delete\":false,\"details\":\"{}\",\"relation_type\":null,\"destination_table\":null,\"destination_table_column\":null,\"destination_table_display_column\":null,\"destination_table_display_more_column\":null,\"order\":7,\"set_relation\":false}],\"display_name_singular\":\"Cinema Movies\",\"display_name_plural\":\"Cinema Movies\",\"model_name\":null,\"policy_name\":null,\"order_column\":null,\"order_display_column\":null,\"order_direction\":null,\"generate_permissions\":true,\"server_side\":false,\"is_maintenance\":0,\"is_soft_delete\":0,\"created_at\":\"2024-01-10T14:09:58.000000Z\",\"updated_at\":\"2024-01-10T14:44:30.000000Z\",\"data_rows\":[{\"id\":109,\"data_type_id\":6,\"field\":\"id\",\"type\":\"number\",\"display_name\":\"Id\",\"required\":1,\"browse\":0,\"read\":0,\"edit\":0,\"add\":0,\"delete\":0,\"details\":\"{}\",\"relation\":null,\"order\":1},{\"id\":110,\"data_type_id\":6,\"field\":\"genre_id\",\"type\":\"relation\",\"display_name\":\"Genre Id\",\"required\":1,\"browse\":1,\"read\":1,\"edit\":1,\"add\":1,\"delete\":1,\"details\":\"{}\",\"relation\":{\"relation_type\":\"belongs_to\",\"destination_table\":\"cinema_genres\",\"destination_table_column\":\"id\",\"destination_table_display_column\":\"genre\",\"destination_table_display_more_column\":[\"id\",\"genre\"]},\"order\":2},{\"id\":111,\"data_type_id\":6,\"field\":\"title\",\"type\":\"text\",\"display_name\":\"Title\",\"required\":1,\"browse\":1,\"read\":1,\"edit\":1,\"add\":1,\"delete\":1,\"details\":\"{}\",\"relation\":null,\"order\":3},{\"id\":112,\"data_type_id\":6,\"field\":\"duration\",\"type\":\"time\",\"display_name\":\"Duration\",\"required\":1,\"browse\":1,\"read\":1,\"edit\":1,\"add\":1,\"delete\":1,\"details\":\"{}\",\"relation\":null,\"order\":4},{\"id\":113,\"data_type_id\":6,\"field\":\"release_date\",\"type\":\"date\",\"display_name\":\"Release Date\",\"required\":1,\"browse\":1,\"read\":1,\"edit\":1,\"add\":1,\"delete\":1,\"details\":\"{}\",\"relation\":null,\"order\":5},{\"id\":114,\"data_type_id\":6,\"field\":\"created_at\",\"type\":\"datetime\",\"display_name\":\"Created At\",\"required\":0,\"browse\":1,\"read\":1,\"edit\":0,\"add\":0,\"delete\":0,\"details\":\"{}\",\"relation\":null,\"order\":6},{\"id\":115,\"data_type_id\":6,\"field\":\"updated_at\",\"type\":\"datetime\",\"display_name\":\"Updated At\",\"required\":0,\"browse\":1,\"read\":1,\"edit\":0,\"add\":0,\"delete\":0,\"details\":\"{}\",\"relation\":null,\"order\":7}],\"create_soft_delete\":false}}',NULL,'2024-01-10 14:48:15','2024-01-10 14:48:15'),(44,'CRUD','CRUD table cinema-movies has been updated',6,'Uasoft\\Badaso\\Models\\DataType','updated',1,'Uasoft\\Badaso\\Models\\User','{\"old\":{\"id\":6,\"name\":\"cinema_movies\",\"slug\":\"cinema-movies\",\"display_name_singular\":\"Cinema Movies\",\"display_name_plural\":\"Cinema Movies\",\"icon\":null,\"model_name\":null,\"policy_name\":null,\"controller\":null,\"order_column\":null,\"order_display_column\":null,\"order_direction\":null,\"generate_permissions\":true,\"server_side\":false,\"is_maintenance\":0,\"description\":null,\"details\":null,\"notification\":\"[]\",\"is_soft_delete\":false,\"created_at\":\"2024-01-10T14:09:58.000000Z\",\"updated_at\":\"2024-01-10T14:49:40.000000Z\",\"data_rows\":[{\"id\":123,\"data_type_id\":6,\"field\":\"id\",\"type\":\"number\",\"display_name\":\"Id\",\"required\":1,\"browse\":0,\"read\":0,\"edit\":0,\"add\":0,\"delete\":0,\"details\":\"{}\",\"relation\":null,\"order\":1},{\"id\":124,\"data_type_id\":6,\"field\":\"genre_id\",\"type\":\"relation\",\"display_name\":\"Genre\",\"required\":1,\"browse\":1,\"read\":1,\"edit\":1,\"add\":1,\"delete\":1,\"details\":\"{}\",\"relation\":{\"relation_type\":\"has_one\",\"destination_table\":\"cinema_genres\",\"destination_table_column\":\"id\",\"destination_table_display_column\":\"genre\",\"destination_table_display_more_column\":[\"id\",\"genre\"]},\"order\":2},{\"id\":125,\"data_type_id\":6,\"field\":\"title\",\"type\":\"text\",\"display_name\":\"Title\",\"required\":1,\"browse\":1,\"read\":1,\"edit\":1,\"add\":1,\"delete\":1,\"details\":\"{}\",\"relation\":null,\"order\":3},{\"id\":126,\"data_type_id\":6,\"field\":\"duration\",\"type\":\"time\",\"display_name\":\"Duration\",\"required\":1,\"browse\":1,\"read\":1,\"edit\":1,\"add\":1,\"delete\":1,\"details\":\"{}\",\"relation\":null,\"order\":4},{\"id\":127,\"data_type_id\":6,\"field\":\"release_date\",\"type\":\"date\",\"display_name\":\"Release Date\",\"required\":1,\"browse\":1,\"read\":1,\"edit\":1,\"add\":1,\"delete\":1,\"details\":\"{}\",\"relation\":null,\"order\":5},{\"id\":128,\"data_type_id\":6,\"field\":\"created_at\",\"type\":\"datetime\",\"display_name\":\"Created At\",\"required\":0,\"browse\":1,\"read\":1,\"edit\":0,\"add\":0,\"delete\":0,\"details\":\"{}\",\"relation\":null,\"order\":6},{\"id\":129,\"data_type_id\":6,\"field\":\"updated_at\",\"type\":\"datetime\",\"display_name\":\"Updated At\",\"required\":0,\"browse\":1,\"read\":1,\"edit\":0,\"add\":0,\"delete\":0,\"details\":\"{}\",\"relation\":null,\"order\":7}]},\"new\":{\"id\":6,\"name\":\"cinema_movies\",\"slug\":\"cinema-movies\",\"displayNameSingular\":\"Cinema Movies\",\"displayNamePlural\":\"Cinema Movies\",\"icon\":null,\"modelName\":null,\"policyName\":null,\"controller\":null,\"orderColumn\":null,\"orderDisplayColumn\":null,\"orderDirection\":null,\"generatePermissions\":true,\"serverSide\":false,\"isMaintenance\":0,\"description\":null,\"details\":null,\"notification\":[],\"isSoftDelete\":0,\"createdAt\":\"2024-01-10T14:09:58.000000Z\",\"updatedAt\":\"2024-01-10T14:48:13.000000Z\",\"dataRows\":[{\"id\":116,\"dataTypeId\":6,\"field\":\"id\",\"type\":\"number\",\"displayName\":\"Id\",\"required\":1,\"browse\":0,\"read\":0,\"edit\":0,\"add\":0,\"delete\":0,\"details\":\"{}\",\"relation\":null,\"order\":1},{\"id\":117,\"dataTypeId\":6,\"field\":\"genre_id\",\"type\":\"relation\",\"displayName\":\"Genre\",\"required\":1,\"browse\":1,\"read\":1,\"edit\":1,\"add\":1,\"delete\":1,\"details\":\"{}\",\"relation\":{\"relationType\":\"belongs_to_many\",\"destinationTable\":\"cinema_genres\",\"destinationTableColumn\":\"id\",\"destinationTableDisplayColumn\":\"genre\",\"destinationTableDisplayMoreColumn\":[\"id\",\"genre\"]},\"order\":2},{\"id\":118,\"dataTypeId\":6,\"field\":\"title\",\"type\":\"text\",\"displayName\":\"Title\",\"required\":1,\"browse\":1,\"read\":1,\"edit\":1,\"add\":1,\"delete\":1,\"details\":\"{}\",\"relation\":null,\"order\":3},{\"id\":119,\"dataTypeId\":6,\"field\":\"duration\",\"type\":\"time\",\"displayName\":\"Duration\",\"required\":1,\"browse\":1,\"read\":1,\"edit\":1,\"add\":1,\"delete\":1,\"details\":\"{}\",\"relation\":null,\"order\":4},{\"id\":120,\"dataTypeId\":6,\"field\":\"release_date\",\"type\":\"date\",\"displayName\":\"Release Date\",\"required\":1,\"browse\":1,\"read\":1,\"edit\":1,\"add\":1,\"delete\":1,\"details\":\"{}\",\"relation\":null,\"order\":5},{\"id\":121,\"dataTypeId\":6,\"field\":\"created_at\",\"type\":\"datetime\",\"displayName\":\"Created At\",\"required\":0,\"browse\":1,\"read\":1,\"edit\":0,\"add\":0,\"delete\":0,\"details\":\"{}\",\"relation\":null,\"order\":6},{\"id\":122,\"dataTypeId\":6,\"field\":\"updated_at\",\"type\":\"datetime\",\"displayName\":\"Updated At\",\"required\":0,\"browse\":1,\"read\":1,\"edit\":0,\"add\":0,\"delete\":0,\"details\":\"{}\",\"relation\":null,\"order\":7}],\"createSoftDelete\":false,\"rows\":[{\"label\":\"id\",\"value\":\"id\",\"field\":\"id\",\"type\":\"number\",\"display_name\":\"Id\",\"required\":true,\"browse\":false,\"read\":false,\"edit\":false,\"add\":false,\"delete\":false,\"details\":\"{}\",\"relation_type\":null,\"destination_table\":null,\"destination_table_column\":null,\"destination_table_display_column\":null,\"destination_table_display_more_column\":null,\"order\":1,\"set_relation\":false},{\"label\":\"genre_id\",\"value\":\"genre_id\",\"field\":\"genre_id\",\"type\":\"relation\",\"display_name\":\"Genre\",\"required\":true,\"browse\":true,\"read\":true,\"edit\":true,\"add\":true,\"delete\":true,\"details\":\"{}\",\"relation_type\":\"has_one\",\"destination_table\":\"cinema_genres\",\"destination_table_column\":\"id\",\"destination_table_display_column\":\"genre\",\"destination_table_display_more_column\":[\"id\",\"genre\"],\"order\":2,\"set_relation\":false},{\"label\":\"title\",\"value\":\"title\",\"field\":\"title\",\"type\":\"text\",\"display_name\":\"Title\",\"required\":true,\"browse\":true,\"read\":true,\"edit\":true,\"add\":true,\"delete\":true,\"details\":\"{}\",\"relation_type\":null,\"destination_table\":null,\"destination_table_column\":null,\"destination_table_display_column\":null,\"destination_table_display_more_column\":null,\"order\":3,\"set_relation\":false},{\"label\":\"duration\",\"value\":\"duration\",\"field\":\"duration\",\"type\":\"time\",\"display_name\":\"Duration\",\"required\":true,\"browse\":true,\"read\":true,\"edit\":true,\"add\":true,\"delete\":true,\"details\":\"{}\",\"relation_type\":null,\"destination_table\":null,\"destination_table_column\":null,\"destination_table_display_column\":null,\"destination_table_display_more_column\":null,\"order\":4,\"set_relation\":false},{\"label\":\"release_date\",\"value\":\"release_date\",\"field\":\"release_date\",\"type\":\"date\",\"display_name\":\"Release Date\",\"required\":true,\"browse\":true,\"read\":true,\"edit\":true,\"add\":true,\"delete\":true,\"details\":\"{}\",\"relation_type\":null,\"destination_table\":null,\"destination_table_column\":null,\"destination_table_display_column\":null,\"destination_table_display_more_column\":null,\"order\":5,\"set_relation\":false},{\"label\":\"created_at\",\"value\":\"created_at\",\"field\":\"created_at\",\"type\":\"datetime\",\"display_name\":\"Created At\",\"required\":false,\"browse\":true,\"read\":true,\"edit\":false,\"add\":false,\"delete\":false,\"details\":\"{}\",\"relation_type\":null,\"destination_table\":null,\"destination_table_column\":null,\"destination_table_display_column\":null,\"destination_table_display_more_column\":null,\"order\":6,\"set_relation\":false},{\"label\":\"updated_at\",\"value\":\"updated_at\",\"field\":\"updated_at\",\"type\":\"datetime\",\"display_name\":\"Updated At\",\"required\":false,\"browse\":true,\"read\":true,\"edit\":false,\"add\":false,\"delete\":false,\"details\":\"{}\",\"relation_type\":null,\"destination_table\":null,\"destination_table_column\":null,\"destination_table_display_column\":null,\"destination_table_display_more_column\":null,\"order\":7,\"set_relation\":false}],\"display_name_singular\":\"Cinema Movies\",\"display_name_plural\":\"Cinema Movies\",\"model_name\":null,\"policy_name\":null,\"order_column\":null,\"order_display_column\":null,\"order_direction\":null,\"generate_permissions\":true,\"server_side\":false,\"is_maintenance\":0,\"is_soft_delete\":0,\"created_at\":\"2024-01-10T14:09:58.000000Z\",\"updated_at\":\"2024-01-10T14:48:13.000000Z\",\"data_rows\":[{\"id\":116,\"data_type_id\":6,\"field\":\"id\",\"type\":\"number\",\"display_name\":\"Id\",\"required\":1,\"browse\":0,\"read\":0,\"edit\":0,\"add\":0,\"delete\":0,\"details\":\"{}\",\"relation\":null,\"order\":1},{\"id\":117,\"data_type_id\":6,\"field\":\"genre_id\",\"type\":\"relation\",\"display_name\":\"Genre\",\"required\":1,\"browse\":1,\"read\":1,\"edit\":1,\"add\":1,\"delete\":1,\"details\":\"{}\",\"relation\":{\"relation_type\":\"belongs_to_many\",\"destination_table\":\"cinema_genres\",\"destination_table_column\":\"id\",\"destination_table_display_column\":\"genre\",\"destination_table_display_more_column\":[\"id\",\"genre\"]},\"order\":2},{\"id\":118,\"data_type_id\":6,\"field\":\"title\",\"type\":\"text\",\"display_name\":\"Title\",\"required\":1,\"browse\":1,\"read\":1,\"edit\":1,\"add\":1,\"delete\":1,\"details\":\"{}\",\"relation\":null,\"order\":3},{\"id\":119,\"data_type_id\":6,\"field\":\"duration\",\"type\":\"time\",\"display_name\":\"Duration\",\"required\":1,\"browse\":1,\"read\":1,\"edit\":1,\"add\":1,\"delete\":1,\"details\":\"{}\",\"relation\":null,\"order\":4},{\"id\":120,\"data_type_id\":6,\"field\":\"release_date\",\"type\":\"date\",\"display_name\":\"Release Date\",\"required\":1,\"browse\":1,\"read\":1,\"edit\":1,\"add\":1,\"delete\":1,\"details\":\"{}\",\"relation\":null,\"order\":5},{\"id\":121,\"data_type_id\":6,\"field\":\"created_at\",\"type\":\"datetime\",\"display_name\":\"Created At\",\"required\":0,\"browse\":1,\"read\":1,\"edit\":0,\"add\":0,\"delete\":0,\"details\":\"{}\",\"relation\":null,\"order\":6},{\"id\":122,\"data_type_id\":6,\"field\":\"updated_at\",\"type\":\"datetime\",\"display_name\":\"Updated At\",\"required\":0,\"browse\":1,\"read\":1,\"edit\":0,\"add\":0,\"delete\":0,\"details\":\"{}\",\"relation\":null,\"order\":7}],\"create_soft_delete\":false}}',NULL,'2024-01-10 14:49:41','2024-01-10 14:49:41'),(45,'CRUD','CRUD table cinema-movies has been deleted',6,'Uasoft\\Badaso\\Models\\DataType','deleted',1,'Uasoft\\Badaso\\Models\\User','{\"attributes\":{\"id\":6,\"name\":\"cinema_movies\",\"slug\":\"cinema-movies\",\"display_name_singular\":\"Cinema Movies\",\"display_name_plural\":\"Cinema Movies\",\"icon\":null,\"model_name\":null,\"policy_name\":null,\"controller\":null,\"order_column\":null,\"order_display_column\":null,\"order_direction\":null,\"generate_permissions\":1,\"server_side\":0,\"is_maintenance\":0,\"description\":null,\"details\":null,\"notification\":\"[]\",\"is_soft_delete\":0,\"created_at\":\"2024-01-10T14:09:58.000000Z\",\"updated_at\":\"2024-01-10T14:49:40.000000Z\"}}',NULL,'2024-01-10 14:51:24','2024-01-10 14:51:24'),(46,'Database','Edit table cinema_movies has been updated',NULL,NULL,'updated',1,'Uasoft\\Badaso\\Models\\User','{\"old\":[\"cinema_movies\",[{\"id\":\"ce77a926-af7c-4857-a2d7-94a8fc6dff01\",\"field_name\":\"id\",\"field_type\":\"bigint\",\"field_length\":null,\"field_null\":false,\"field_attribute\":true,\"field_increment\":true,\"field_index\":\"primary\",\"field_default\":null},{\"id\":\"0273ce5f-9dd0-45f7-8db8-2dacd1300958\",\"field_name\":\"genre_id\",\"field_type\":\"bigint\",\"field_length\":null,\"field_null\":false,\"field_attribute\":true,\"field_increment\":false,\"field_index\":\"foreign\",\"field_default\":null},{\"id\":\"aed1d303-e24f-47b6-8ef6-e4ac10f23a57\",\"field_name\":\"title\",\"field_type\":\"varchar\",\"field_length\":100,\"field_null\":false,\"field_attribute\":false,\"field_increment\":false,\"field_index\":null,\"field_default\":null},{\"id\":\"aa9a396d-0c57-4745-99f0-1d86a17d6614\",\"field_name\":\"duration\",\"field_type\":\"time\",\"field_length\":0,\"field_null\":false,\"field_attribute\":false,\"field_increment\":false,\"field_index\":null,\"field_default\":null},{\"id\":\"78fcfb39-0b35-4a09-8158-d3252eb1a727\",\"field_name\":\"release_date\",\"field_type\":\"date\",\"field_length\":null,\"field_null\":false,\"field_attribute\":false,\"field_increment\":false,\"field_index\":null,\"field_default\":null},{\"id\":\"db9a305c-24d3-48ff-8708-464d7281b984\",\"field_name\":\"created_at\",\"field_type\":\"timestamp\",\"field_length\":null,\"field_null\":true,\"field_attribute\":false,\"field_increment\":false,\"field_index\":null,\"field_default\":null},{\"id\":\"59e22106-ef42-4f3d-b74d-4f6aa1804b77\",\"field_name\":\"updated_at\",\"field_type\":\"timestamp\",\"field_length\":null,\"field_null\":true,\"field_attribute\":false,\"field_increment\":false,\"field_index\":null,\"field_default\":null}],{\"0273ce5f-9dd0-45f7-8db8-2dacd1300958\":{\"source_field\":\"genre_id\",\"target_table\":\"branches\",\"target_field\":\"id\",\"on_delete\":null,\"on_update\":null}}],\"new\":[\"cinema_movies\",[{\"id\":\"ce77a926-af7c-4857-a2d7-94a8fc6dff01\",\"field_name\":\"id\",\"field_type\":\"bigint\",\"field_length\":null,\"field_null\":false,\"field_attribute\":true,\"field_increment\":true,\"field_index\":\"primary\",\"field_default\":null,\"modify_type\":[],\"undeletable\":true,\"indexes\":false},{\"id\":\"0273ce5f-9dd0-45f7-8db8-2dacd1300958\",\"field_name\":\"genre_id\",\"field_type\":\"bigint\",\"field_length\":null,\"field_null\":false,\"field_attribute\":true,\"field_increment\":false,\"field_index\":\"foreign\",\"field_default\":null,\"modify_type\":[],\"undeletable\":false,\"indexes\":false},{\"id\":\"aed1d303-e24f-47b6-8ef6-e4ac10f23a57\",\"field_name\":\"title\",\"field_type\":\"varchar\",\"field_length\":100,\"field_null\":false,\"field_attribute\":false,\"field_increment\":false,\"field_index\":null,\"field_default\":null,\"modify_type\":[],\"undeletable\":false,\"indexes\":false},{\"id\":\"aa9a396d-0c57-4745-99f0-1d86a17d6614\",\"field_name\":\"duration\",\"field_type\":\"time\",\"field_length\":0,\"field_null\":false,\"field_attribute\":false,\"field_increment\":false,\"field_index\":null,\"field_default\":null,\"modify_type\":[],\"undeletable\":false,\"indexes\":false},{\"id\":\"78fcfb39-0b35-4a09-8158-d3252eb1a727\",\"field_name\":\"release_date\",\"field_type\":\"date\",\"field_length\":null,\"field_null\":false,\"field_attribute\":false,\"field_increment\":false,\"field_index\":null,\"field_default\":null,\"modify_type\":[],\"undeletable\":false,\"indexes\":false},{\"id\":\"db9a305c-24d3-48ff-8708-464d7281b984\",\"field_name\":\"created_at\",\"field_type\":\"timestamp\",\"field_length\":null,\"field_null\":true,\"field_attribute\":false,\"field_increment\":false,\"field_index\":null,\"field_default\":null,\"modify_type\":[],\"undeletable\":true,\"indexes\":true},{\"id\":\"59e22106-ef42-4f3d-b74d-4f6aa1804b77\",\"field_name\":\"updated_at\",\"field_type\":\"timestamp\",\"field_length\":null,\"field_null\":true,\"field_attribute\":false,\"field_increment\":false,\"field_index\":null,\"field_default\":null,\"modify_type\":[],\"undeletable\":true,\"indexes\":false}],{\"0273ce5f-9dd0-45f7-8db8-2dacd1300958\":{\"source_field\":\"genre_id\",\"target_table\":\"cinema_genres\",\"target_field\":\"id\",\"on_delete\":\"restrict\",\"on_update\":\"restrict\",\"modify_type\":\"CHANGE_FOREIGN_KEY\"}}]}',NULL,'2024-01-10 14:52:03','2024-01-10 14:52:03'),(47,'CRUD','CRUD table cinema-movies has been created',13,'Uasoft\\Badaso\\Models\\DataType','created',1,'Uasoft\\Badaso\\Models\\User','{\"attributes\":{\"name\":\"cinema_movies\",\"slug\":\"cinema-movies\",\"display_name_singular\":\"Cinema Movies\",\"display_name_plural\":\"Cinema Movies\",\"icon\":null,\"model_name\":null,\"policy_name\":null,\"controller\":null,\"order_column\":null,\"order_display_column\":null,\"order_direction\":null,\"generate_permissions\":true,\"server_side\":false,\"description\":null,\"details\":null,\"notification\":\"[]\",\"is_soft_delete\":false,\"updated_at\":\"2024-01-10T14:53:24.000000Z\",\"created_at\":\"2024-01-10T14:53:24.000000Z\",\"id\":13,\"data_rows\":[{\"id\":130,\"data_type_id\":13,\"field\":\"id\",\"type\":\"number\",\"display_name\":\"Id\",\"required\":1,\"browse\":0,\"read\":0,\"edit\":0,\"add\":0,\"delete\":0,\"details\":\"{}\",\"relation\":null,\"order\":1},{\"id\":131,\"data_type_id\":13,\"field\":\"genre_id\",\"type\":\"relation\",\"display_name\":\"Genre\",\"required\":1,\"browse\":1,\"read\":1,\"edit\":1,\"add\":1,\"delete\":1,\"details\":\"{}\",\"relation\":{\"relation_type\":\"belongs_to\",\"destination_table\":\"cinema_genres\",\"destination_table_column\":\"id\",\"destination_table_display_column\":\"genre\",\"destination_table_display_more_column\":[\"id\",\"genre\"]},\"order\":2},{\"id\":132,\"data_type_id\":13,\"field\":\"title\",\"type\":\"text\",\"display_name\":\"Title\",\"required\":1,\"browse\":1,\"read\":1,\"edit\":1,\"add\":1,\"delete\":1,\"details\":\"{}\",\"relation\":null,\"order\":3},{\"id\":133,\"data_type_id\":13,\"field\":\"duration\",\"type\":\"time\",\"display_name\":\"Duration\",\"required\":1,\"browse\":1,\"read\":1,\"edit\":1,\"add\":1,\"delete\":1,\"details\":\"{}\",\"relation\":null,\"order\":4},{\"id\":134,\"data_type_id\":13,\"field\":\"release_date\",\"type\":\"date\",\"display_name\":\"Release Date\",\"required\":1,\"browse\":1,\"read\":1,\"edit\":1,\"add\":1,\"delete\":1,\"details\":\"{}\",\"relation\":null,\"order\":5},{\"id\":135,\"data_type_id\":13,\"field\":\"created_at\",\"type\":\"datetime\",\"display_name\":\"Created At\",\"required\":0,\"browse\":1,\"read\":1,\"edit\":0,\"add\":0,\"delete\":0,\"details\":\"{}\",\"relation\":null,\"order\":6},{\"id\":136,\"data_type_id\":13,\"field\":\"updated_at\",\"type\":\"datetime\",\"display_name\":\"Updated At\",\"required\":0,\"browse\":1,\"read\":1,\"edit\":0,\"add\":0,\"delete\":0,\"details\":\"{}\",\"relation\":null,\"order\":7}]}}',NULL,'2024-01-10 14:53:25','2024-01-10 14:53:25'),(48,'Cinema Movies','Cinema Movies has been created',NULL,NULL,NULL,1,'Uasoft\\Badaso\\Models\\User','{\"attributes\":{\"id\":7,\"title\":\"silent hill\",\"genre_id\":1,\"duration\":\"21:53:00\",\"release_date\":\"2024-01-10\",\"created_at\":\"2024-01-10 14:54:05\",\"updated_at\":\"2024-01-10 14:54:05\"}}',NULL,'2024-01-10 14:54:05','2024-01-10 14:54:05'),(49,'Cinema Studios','Cinema Studios has been created',NULL,NULL,NULL,1,'Uasoft\\Badaso\\Models\\User','{\"attributes\":{\"id\":1,\"studio\":\"studio 1\",\"created_at\":\"2024-01-10 14:54:31\",\"updated_at\":\"2024-01-10 14:54:31\"}}',NULL,'2024-01-10 14:54:31','2024-01-10 14:54:31'),(50,'Cinema Shows','Cinema Shows has been created',NULL,NULL,NULL,1,'Uasoft\\Badaso\\Models\\User','{\"attributes\":{\"id\":1,\"movie_id\":7,\"studio_id\":1,\"showtime\":\"2024-01-10 21:54:00\",\"created_at\":\"2024-01-10 14:54:55\",\"updated_at\":\"2024-01-10 14:54:55\"}}',NULL,'2024-01-10 14:54:55','2024-01-10 14:54:55'),(51,'Cinema Seats','Cinema Seats has been created',NULL,NULL,NULL,1,'Uasoft\\Badaso\\Models\\User','{\"attributes\":{\"id\":1,\"show_id\":1,\"created_at\":\"2024-01-10 14:55:45\",\"updated_at\":\"2024-01-10 14:55:45\",\"seat_number\":\"A-1\",\"seat_status\":\"available\"}}',NULL,'2024-01-10 14:55:46','2024-01-10 14:55:46'),(52,'Cinema Seats','Cinema Seats has been created',NULL,NULL,NULL,1,'Uasoft\\Badaso\\Models\\User','{\"attributes\":{\"id\":2,\"show_id\":1,\"created_at\":\"2024-01-10 14:56:13\",\"updated_at\":\"2024-01-10 14:56:13\",\"seat_number\":\"A-2\",\"seat_status\":\"not available\"}}',NULL,'2024-01-10 14:56:13','2024-01-10 14:56:13'),(53,'CRUD','CRUD table cinema-tickets has been updated',10,'Uasoft\\Badaso\\Models\\DataType','updated',1,'Uasoft\\Badaso\\Models\\User','{\"old\":{\"id\":10,\"name\":\"cinema_tickets\",\"slug\":\"cinema-tickets\",\"display_name_singular\":\"Cinema Tickets\",\"display_name_plural\":\"Cinema Tickets\",\"icon\":null,\"model_name\":null,\"policy_name\":null,\"controller\":null,\"order_column\":null,\"order_display_column\":null,\"order_direction\":null,\"generate_permissions\":true,\"server_side\":false,\"is_maintenance\":0,\"description\":null,\"details\":null,\"notification\":\"[]\",\"is_soft_delete\":false,\"created_at\":\"2024-01-10T14:24:19.000000Z\",\"updated_at\":\"2024-01-10T14:58:32.000000Z\",\"data_rows\":[{\"id\":137,\"data_type_id\":10,\"field\":\"id\",\"type\":\"number\",\"display_name\":\"Id\",\"required\":1,\"browse\":0,\"read\":0,\"edit\":0,\"add\":0,\"delete\":0,\"details\":\"{}\",\"relation\":null,\"order\":1},{\"id\":138,\"data_type_id\":10,\"field\":\"seat_id\",\"type\":\"relation\",\"display_name\":\"Seat\",\"required\":1,\"browse\":1,\"read\":1,\"edit\":1,\"add\":1,\"delete\":1,\"details\":\"{}\",\"relation\":{\"relation_type\":\"belongs_to\",\"destination_table\":\"cinema_seats\",\"destination_table_column\":\"id\",\"destination_table_display_column\":\"seat_number\",\"destination_table_display_more_column\":[\"id\",\"show_id\",\"seat_number\",\"seat_status\"]},\"order\":2},{\"id\":139,\"data_type_id\":10,\"field\":\"user_id\",\"type\":\"relation\",\"display_name\":\"User\",\"required\":1,\"browse\":1,\"read\":1,\"edit\":1,\"add\":1,\"delete\":1,\"details\":\"{}\",\"relation\":{\"relation_type\":\"belongs_to\",\"destination_table\":\"badaso_users\",\"destination_table_column\":\"id\",\"destination_table_display_column\":\"name\",\"destination_table_display_more_column\":[\"id\",\"name\",\"email\",\"phone\"]},\"order\":3},{\"id\":140,\"data_type_id\":10,\"field\":\"movie_id\",\"type\":\"relation\",\"display_name\":\"Movie\",\"required\":1,\"browse\":1,\"read\":1,\"edit\":1,\"add\":1,\"delete\":1,\"details\":\"{}\",\"relation\":{\"relation_type\":\"belongs_to\",\"destination_table\":\"cinema_movies\",\"destination_table_column\":\"id\",\"destination_table_display_column\":\"title\",\"destination_table_display_more_column\":[\"id\",\"genre_id\",\"title\",\"duration\",\"release_date\"]},\"order\":4},{\"id\":141,\"data_type_id\":10,\"field\":\"code_ticket\",\"type\":\"text\",\"display_name\":\"Code Ticket\",\"required\":1,\"browse\":1,\"read\":1,\"edit\":1,\"add\":1,\"delete\":1,\"details\":\"{}\",\"relation\":null,\"order\":5},{\"id\":142,\"data_type_id\":10,\"field\":\"purchase_date\",\"type\":\"datetime\",\"display_name\":\"Purchase Date\",\"required\":1,\"browse\":1,\"read\":1,\"edit\":1,\"add\":1,\"delete\":1,\"details\":\"{}\",\"relation\":null,\"order\":6},{\"id\":143,\"data_type_id\":10,\"field\":\"created_at\",\"type\":\"datetime\",\"display_name\":\"Created At\",\"required\":0,\"browse\":1,\"read\":1,\"edit\":0,\"add\":0,\"delete\":0,\"details\":\"{}\",\"relation\":null,\"order\":7},{\"id\":144,\"data_type_id\":10,\"field\":\"updated_at\",\"type\":\"datetime\",\"display_name\":\"Updated At\",\"required\":0,\"browse\":1,\"read\":1,\"edit\":0,\"add\":0,\"delete\":0,\"details\":\"{}\",\"relation\":null,\"order\":8}]},\"new\":{\"id\":10,\"name\":\"cinema_tickets\",\"slug\":\"cinema-tickets\",\"displayNameSingular\":\"Cinema Tickets\",\"displayNamePlural\":\"Cinema Tickets\",\"icon\":null,\"modelName\":null,\"policyName\":null,\"controller\":null,\"orderColumn\":null,\"orderDisplayColumn\":null,\"orderDirection\":null,\"generatePermissions\":true,\"serverSide\":false,\"isMaintenance\":0,\"description\":null,\"details\":null,\"notification\":[],\"isSoftDelete\":0,\"createdAt\":\"2024-01-10T14:24:19.000000Z\",\"updatedAt\":\"2024-01-10T14:24:19.000000Z\",\"dataRows\":[{\"id\":88,\"dataTypeId\":10,\"field\":\"id\",\"type\":\"number\",\"displayName\":\"Id\",\"required\":1,\"browse\":0,\"read\":0,\"edit\":0,\"add\":0,\"delete\":0,\"details\":\"{}\",\"relation\":null,\"order\":1},{\"id\":89,\"dataTypeId\":10,\"field\":\"seat_id\",\"type\":\"relation\",\"displayName\":\"Seat\",\"required\":1,\"browse\":1,\"read\":1,\"edit\":1,\"add\":1,\"delete\":1,\"details\":\"{}\",\"relation\":{\"relationType\":\"belongs_to\",\"destinationTable\":\"cinema_seats\",\"destinationTableColumn\":\"id\",\"destinationTableDisplayColumn\":\"seat_number\",\"destinationTableDisplayMoreColumn\":[\"id\",\"show_id\",\"seat_number\",\"seat_status\"]},\"order\":2},{\"id\":90,\"dataTypeId\":10,\"field\":\"user_id\",\"type\":\"relation\",\"displayName\":\"User\",\"required\":1,\"browse\":1,\"read\":1,\"edit\":1,\"add\":1,\"delete\":1,\"details\":\"{}\",\"relation\":{\"relationType\":\"belongs_to\",\"destinationTable\":\"badaso_users\",\"destinationTableColumn\":\"id\",\"destinationTableDisplayColumn\":\"name\",\"destinationTableDisplayMoreColumn\":[\"id\",\"name\",\"email\",\"phone\"]},\"order\":3},{\"id\":91,\"dataTypeId\":10,\"field\":\"movie_id\",\"type\":\"number\",\"displayName\":\"Movie Id\",\"required\":1,\"browse\":1,\"read\":1,\"edit\":1,\"add\":1,\"delete\":1,\"details\":\"{}\",\"relation\":null,\"order\":4},{\"id\":92,\"dataTypeId\":10,\"field\":\"code_ticket\",\"type\":\"text\",\"displayName\":\"Code Ticket\",\"required\":1,\"browse\":1,\"read\":1,\"edit\":1,\"add\":1,\"delete\":1,\"details\":\"{}\",\"relation\":null,\"order\":5},{\"id\":93,\"dataTypeId\":10,\"field\":\"purchase_date\",\"type\":\"datetime\",\"displayName\":\"Purchase Date\",\"required\":1,\"browse\":1,\"read\":1,\"edit\":1,\"add\":1,\"delete\":1,\"details\":\"{}\",\"relation\":null,\"order\":6},{\"id\":94,\"dataTypeId\":10,\"field\":\"created_at\",\"type\":\"datetime\",\"displayName\":\"Created At\",\"required\":0,\"browse\":1,\"read\":1,\"edit\":0,\"add\":0,\"delete\":0,\"details\":\"{}\",\"relation\":null,\"order\":7},{\"id\":95,\"dataTypeId\":10,\"field\":\"updated_at\",\"type\":\"datetime\",\"displayName\":\"Updated At\",\"required\":0,\"browse\":1,\"read\":1,\"edit\":0,\"add\":0,\"delete\":0,\"details\":\"{}\",\"relation\":null,\"order\":8}],\"createSoftDelete\":false,\"rows\":[{\"label\":\"id\",\"value\":\"id\",\"field\":\"id\",\"type\":\"number\",\"display_name\":\"Id\",\"required\":true,\"browse\":false,\"read\":false,\"edit\":false,\"add\":false,\"delete\":false,\"details\":\"{}\",\"relation_type\":null,\"destination_table\":null,\"destination_table_column\":null,\"destination_table_display_column\":null,\"destination_table_display_more_column\":null,\"order\":1,\"set_relation\":false},{\"label\":\"seat_id\",\"value\":\"seat_id\",\"field\":\"seat_id\",\"type\":\"relation\",\"display_name\":\"Seat\",\"required\":true,\"browse\":true,\"read\":true,\"edit\":true,\"add\":true,\"delete\":true,\"details\":\"{}\",\"relation_type\":\"belongs_to\",\"destination_table\":\"cinema_seats\",\"destination_table_column\":\"id\",\"destination_table_display_column\":\"seat_number\",\"destination_table_display_more_column\":[\"id\",\"show_id\",\"seat_number\",\"seat_status\"],\"order\":2,\"set_relation\":false},{\"label\":\"user_id\",\"value\":\"user_id\",\"field\":\"user_id\",\"type\":\"relation\",\"display_name\":\"User\",\"required\":true,\"browse\":true,\"read\":true,\"edit\":true,\"add\":true,\"delete\":true,\"details\":\"{}\",\"relation_type\":\"belongs_to\",\"destination_table\":\"badaso_users\",\"destination_table_column\":\"id\",\"destination_table_display_column\":\"name\",\"destination_table_display_more_column\":[\"id\",\"name\",\"email\",\"phone\"],\"order\":3,\"set_relation\":false},{\"label\":\"movie_id\",\"value\":\"movie_id\",\"field\":\"movie_id\",\"type\":\"relation\",\"display_name\":\"Movie\",\"required\":true,\"browse\":true,\"read\":true,\"edit\":true,\"add\":true,\"delete\":true,\"details\":\"{}\",\"relation_type\":\"belongs_to\",\"destination_table\":\"cinema_movies\",\"destination_table_column\":\"id\",\"destination_table_display_column\":\"title\",\"destination_table_display_more_column\":[\"id\",\"genre_id\",\"title\",\"duration\",\"release_date\"],\"order\":4,\"set_relation\":false},{\"label\":\"code_ticket\",\"value\":\"code_ticket\",\"field\":\"code_ticket\",\"type\":\"text\",\"display_name\":\"Code Ticket\",\"required\":true,\"browse\":true,\"read\":true,\"edit\":true,\"add\":true,\"delete\":true,\"details\":\"{}\",\"relation_type\":null,\"destination_table\":null,\"destination_table_column\":null,\"destination_table_display_column\":null,\"destination_table_display_more_column\":null,\"order\":5,\"set_relation\":false},{\"label\":\"purchase_date\",\"value\":\"purchase_date\",\"field\":\"purchase_date\",\"type\":\"datetime\",\"display_name\":\"Purchase Date\",\"required\":true,\"browse\":true,\"read\":true,\"edit\":true,\"add\":true,\"delete\":true,\"details\":\"{}\",\"relation_type\":null,\"destination_table\":null,\"destination_table_column\":null,\"destination_table_display_column\":null,\"destination_table_display_more_column\":null,\"order\":6,\"set_relation\":false},{\"label\":\"created_at\",\"value\":\"created_at\",\"field\":\"created_at\",\"type\":\"datetime\",\"display_name\":\"Created At\",\"required\":false,\"browse\":true,\"read\":true,\"edit\":false,\"add\":false,\"delete\":false,\"details\":\"{}\",\"relation_type\":null,\"destination_table\":null,\"destination_table_column\":null,\"destination_table_display_column\":null,\"destination_table_display_more_column\":null,\"order\":7,\"set_relation\":false},{\"label\":\"updated_at\",\"value\":\"updated_at\",\"field\":\"updated_at\",\"type\":\"datetime\",\"display_name\":\"Updated At\",\"required\":false,\"browse\":true,\"read\":true,\"edit\":false,\"add\":false,\"delete\":false,\"details\":\"{}\",\"relation_type\":null,\"destination_table\":null,\"destination_table_column\":null,\"destination_table_display_column\":null,\"destination_table_display_more_column\":null,\"order\":8,\"set_relation\":false}],\"display_name_singular\":\"Cinema Tickets\",\"display_name_plural\":\"Cinema Tickets\",\"model_name\":null,\"policy_name\":null,\"order_column\":null,\"order_display_column\":null,\"order_direction\":null,\"generate_permissions\":true,\"server_side\":false,\"is_maintenance\":0,\"is_soft_delete\":0,\"created_at\":\"2024-01-10T14:24:19.000000Z\",\"updated_at\":\"2024-01-10T14:24:19.000000Z\",\"data_rows\":[{\"id\":88,\"data_type_id\":10,\"field\":\"id\",\"type\":\"number\",\"display_name\":\"Id\",\"required\":1,\"browse\":0,\"read\":0,\"edit\":0,\"add\":0,\"delete\":0,\"details\":\"{}\",\"relation\":null,\"order\":1},{\"id\":89,\"data_type_id\":10,\"field\":\"seat_id\",\"type\":\"relation\",\"display_name\":\"Seat\",\"required\":1,\"browse\":1,\"read\":1,\"edit\":1,\"add\":1,\"delete\":1,\"details\":\"{}\",\"relation\":{\"relation_type\":\"belongs_to\",\"destination_table\":\"cinema_seats\",\"destination_table_column\":\"id\",\"destination_table_display_column\":\"seat_number\",\"destination_table_display_more_column\":[\"id\",\"show_id\",\"seat_number\",\"seat_status\"]},\"order\":2},{\"id\":90,\"data_type_id\":10,\"field\":\"user_id\",\"type\":\"relation\",\"display_name\":\"User\",\"required\":1,\"browse\":1,\"read\":1,\"edit\":1,\"add\":1,\"delete\":1,\"details\":\"{}\",\"relation\":{\"relation_type\":\"belongs_to\",\"destination_table\":\"badaso_users\",\"destination_table_column\":\"id\",\"destination_table_display_column\":\"name\",\"destination_table_display_more_column\":[\"id\",\"name\",\"email\",\"phone\"]},\"order\":3},{\"id\":91,\"data_type_id\":10,\"field\":\"movie_id\",\"type\":\"number\",\"display_name\":\"Movie Id\",\"required\":1,\"browse\":1,\"read\":1,\"edit\":1,\"add\":1,\"delete\":1,\"details\":\"{}\",\"relation\":null,\"order\":4},{\"id\":92,\"data_type_id\":10,\"field\":\"code_ticket\",\"type\":\"text\",\"display_name\":\"Code Ticket\",\"required\":1,\"browse\":1,\"read\":1,\"edit\":1,\"add\":1,\"delete\":1,\"details\":\"{}\",\"relation\":null,\"order\":5},{\"id\":93,\"data_type_id\":10,\"field\":\"purchase_date\",\"type\":\"datetime\",\"display_name\":\"Purchase Date\",\"required\":1,\"browse\":1,\"read\":1,\"edit\":1,\"add\":1,\"delete\":1,\"details\":\"{}\",\"relation\":null,\"order\":6},{\"id\":94,\"data_type_id\":10,\"field\":\"created_at\",\"type\":\"datetime\",\"display_name\":\"Created At\",\"required\":0,\"browse\":1,\"read\":1,\"edit\":0,\"add\":0,\"delete\":0,\"details\":\"{}\",\"relation\":null,\"order\":7},{\"id\":95,\"data_type_id\":10,\"field\":\"updated_at\",\"type\":\"datetime\",\"display_name\":\"Updated At\",\"required\":0,\"browse\":1,\"read\":1,\"edit\":0,\"add\":0,\"delete\":0,\"details\":\"{}\",\"relation\":null,\"order\":8}],\"create_soft_delete\":false}}',NULL,'2024-01-10 14:58:33','2024-01-10 14:58:33'),(54,'Cinema Tickets','Cinema Tickets has been created',NULL,NULL,NULL,1,'Uasoft\\Badaso\\Models\\User','{\"attributes\":{\"id\":1,\"seat_id\":2,\"user_id\":1,\"movie_id\":7,\"code_ticket\":\"5555\",\"purchase_date\":\"2024-01-10 21:59:00\",\"created_at\":\"2024-01-10 14:59:59\",\"updated_at\":\"2024-01-10 14:59:59\"}}',NULL,'2024-01-10 14:59:59','2024-01-10 14:59:59'),(55,'Cinema Payments','Cinema Payments has been created',NULL,NULL,NULL,1,'Uasoft\\Badaso\\Models\\User','{\"attributes\":{\"id\":1,\"ticket_id\":1,\"payment_date\":\"2024-01-10 22:01:00\",\"price\":\"50000\",\"payment_receipt\":\"\",\"status\":\"success\",\"created_at\":\"2024-01-10 15:02:24\",\"updated_at\":\"2024-01-10 15:02:24\",\"user_id\":1}}',NULL,'2024-01-10 15:02:24','2024-01-10 15:02:24'),(56,'Menu','Menu Cinema has been created',28,'Uasoft\\Badaso\\Models\\MenuItem','created',1,'Uasoft\\Badaso\\Models\\User','{\"attributes\":{\"menu_id\":1,\"title\":\"Cinema\",\"url\":\"\\/cinema\",\"target\":\"_self\",\"icon_class\":null,\"color\":null,\"parent_id\":null,\"order\":14,\"updated_at\":\"2024-01-10T15:03:11.000000Z\",\"created_at\":\"2024-01-10T15:03:11.000000Z\",\"id\":28}}',NULL,'2024-01-10 15:03:12','2024-01-10 15:03:12'),(57,'Menu','Menu item Cinema has been updated',28,'Uasoft\\Badaso\\Models\\MenuItem','updated',1,'Uasoft\\Badaso\\Models\\User','{\"attributes\":{\"old\":{\"id\":28,\"menu_id\":1,\"title\":\"Cinema\",\"url\":\"\\/cinema\",\"target\":\"_self\",\"icon_class\":null,\"color\":null,\"parent_id\":null,\"order\":14,\"is_expand\":1,\"permissions\":null,\"created_at\":\"2024-01-10T15:03:11.000000Z\",\"updated_at\":\"2024-01-10T15:03:11.000000Z\"},\"new\":{\"id\":28,\"menu_id\":1,\"title\":\"Cinema\",\"url\":\"\\/general\",\"target\":\"_self\",\"icon_class\":null,\"color\":\"#000000\",\"parent_id\":null,\"order\":14,\"is_expand\":1,\"permissions\":null,\"created_at\":\"2024-01-10T15:03:11.000000Z\",\"updated_at\":\"2024-01-10T15:03:31.000000Z\"}}}',NULL,'2024-01-10 15:03:31','2024-01-10 15:03:31'),(58,'CRUD','CRUD table cinema-payments has been updated',11,'Uasoft\\Badaso\\Models\\DataType','updated',1,'Uasoft\\Badaso\\Models\\User','{\"old\":{\"id\":11,\"name\":\"cinema_payments\",\"slug\":\"cinema-payments\",\"display_name_singular\":\"Cinema Payments\",\"display_name_plural\":\"Cinema Payments\",\"icon\":null,\"model_name\":null,\"policy_name\":null,\"controller\":null,\"order_column\":null,\"order_display_column\":null,\"order_direction\":null,\"generate_permissions\":true,\"server_side\":false,\"is_maintenance\":0,\"description\":null,\"details\":null,\"notification\":\"[]\",\"is_soft_delete\":false,\"created_at\":\"2024-01-10T14:35:59.000000Z\",\"updated_at\":\"2024-01-10T15:05:50.000000Z\",\"data_rows\":[{\"id\":145,\"data_type_id\":11,\"field\":\"id\",\"type\":\"number\",\"display_name\":\"Id\",\"required\":1,\"browse\":0,\"read\":0,\"edit\":0,\"add\":0,\"delete\":0,\"details\":\"{}\",\"relation\":null,\"order\":1},{\"id\":146,\"data_type_id\":11,\"field\":\"ticket_id\",\"type\":\"relation\",\"display_name\":\"Ticket\",\"required\":1,\"browse\":1,\"read\":1,\"edit\":1,\"add\":1,\"delete\":1,\"details\":\"{}\",\"relation\":{\"relation_type\":\"belongs_to\",\"destination_table\":\"cinema_tickets\",\"destination_table_column\":\"id\",\"destination_table_display_column\":\"code_ticket\",\"destination_table_display_more_column\":[\"id\",\"seat_id\",\"user_id\",\"movie_id\",\"code_ticket\",\"purchase_date\"]},\"order\":2},{\"id\":147,\"data_type_id\":11,\"field\":\"user_id\",\"type\":\"relation\",\"display_name\":\"User\",\"required\":1,\"browse\":1,\"read\":1,\"edit\":1,\"add\":1,\"delete\":1,\"details\":\"{}\",\"relation\":{\"relation_type\":\"belongs_to\",\"destination_table\":\"badaso_users\",\"destination_table_column\":\"id\",\"destination_table_display_column\":\"name\",\"destination_table_display_more_column\":[\"id\",\"name\",\"email\",\"phone\"]},\"order\":3},{\"id\":148,\"data_type_id\":11,\"field\":\"payment_date\",\"type\":\"datetime\",\"display_name\":\"Payment Date\",\"required\":1,\"browse\":1,\"read\":1,\"edit\":1,\"add\":1,\"delete\":1,\"details\":\"{}\",\"relation\":null,\"order\":4},{\"id\":149,\"data_type_id\":11,\"field\":\"price\",\"type\":\"text\",\"display_name\":\"Price\",\"required\":1,\"browse\":1,\"read\":1,\"edit\":1,\"add\":1,\"delete\":1,\"details\":\"{}\",\"relation\":null,\"order\":5},{\"id\":150,\"data_type_id\":11,\"field\":\"payment_receipt\",\"type\":\"upload_image\",\"display_name\":\"Payment Receipt\",\"required\":1,\"browse\":1,\"read\":1,\"edit\":1,\"add\":1,\"delete\":1,\"details\":\"{}\",\"relation\":null,\"order\":6},{\"id\":151,\"data_type_id\":11,\"field\":\"status\",\"type\":\"select\",\"display_name\":\"Status\",\"required\":1,\"browse\":1,\"read\":1,\"edit\":1,\"add\":1,\"delete\":1,\"details\":\"{\\n   \\\"size\\\":12,\\n   \\\"items\\\":[\\n      {\\n         \\\"label\\\":\\\"Pending\\\",\\n         \\\"value\\\":\\\"pending\\\"\\n      },\\n      {\\n         \\\"label\\\":\\\"Success\\\",\\n         \\\"value\\\":\\\"success\\\"\\n      }\\n   ]\\n}\",\"relation\":null,\"order\":7},{\"id\":152,\"data_type_id\":11,\"field\":\"created_at\",\"type\":\"datetime\",\"display_name\":\"Created At\",\"required\":0,\"browse\":1,\"read\":1,\"edit\":0,\"add\":0,\"delete\":0,\"details\":\"{}\",\"relation\":null,\"order\":8},{\"id\":153,\"data_type_id\":11,\"field\":\"updated_at\",\"type\":\"datetime\",\"display_name\":\"Updated At\",\"required\":0,\"browse\":1,\"read\":1,\"edit\":0,\"add\":0,\"delete\":0,\"details\":\"{}\",\"relation\":null,\"order\":9}]},\"new\":{\"id\":11,\"name\":\"cinema_payments\",\"slug\":\"cinema-payments\",\"displayNameSingular\":\"Cinema Payments\",\"displayNamePlural\":\"Cinema Payments\",\"icon\":null,\"modelName\":null,\"policyName\":null,\"controller\":null,\"orderColumn\":null,\"orderDisplayColumn\":null,\"orderDirection\":null,\"generatePermissions\":true,\"serverSide\":false,\"isMaintenance\":0,\"description\":null,\"details\":null,\"notification\":[],\"isSoftDelete\":0,\"createdAt\":\"2024-01-10T14:35:59.000000Z\",\"updatedAt\":\"2024-01-10T14:35:59.000000Z\",\"dataRows\":[{\"id\":96,\"dataTypeId\":11,\"field\":\"id\",\"type\":\"number\",\"displayName\":\"Id\",\"required\":1,\"browse\":0,\"read\":0,\"edit\":0,\"add\":0,\"delete\":0,\"details\":\"{}\",\"relation\":null,\"order\":1},{\"id\":97,\"dataTypeId\":11,\"field\":\"ticket_id\",\"type\":\"relation\",\"displayName\":\"Ticket\",\"required\":1,\"browse\":1,\"read\":1,\"edit\":1,\"add\":1,\"delete\":1,\"details\":\"{}\",\"relation\":{\"relationType\":\"belongs_to\",\"destinationTable\":\"cinema_tickets\",\"destinationTableColumn\":\"id\",\"destinationTableDisplayColumn\":\"code_ticket\",\"destinationTableDisplayMoreColumn\":[\"id\",\"seat_id\",\"user_id\",\"movie_id\",\"code_ticket\",\"purchase_date\"]},\"order\":2},{\"id\":98,\"dataTypeId\":11,\"field\":\"user_id\",\"type\":\"relation\",\"displayName\":\"User\",\"required\":1,\"browse\":1,\"read\":1,\"edit\":1,\"add\":1,\"delete\":1,\"details\":\"{}\",\"relation\":{\"relationType\":\"belongs_to\",\"destinationTable\":\"badaso_users\",\"destinationTableColumn\":\"id\",\"destinationTableDisplayColumn\":\"name\",\"destinationTableDisplayMoreColumn\":[\"id\",\"name\",\"email\",\"phone\"]},\"order\":3},{\"id\":99,\"dataTypeId\":11,\"field\":\"payment_date\",\"type\":\"datetime\",\"displayName\":\"Payment Date\",\"required\":1,\"browse\":1,\"read\":1,\"edit\":1,\"add\":1,\"delete\":1,\"details\":\"{}\",\"relation\":null,\"order\":4},{\"id\":100,\"dataTypeId\":11,\"field\":\"price\",\"type\":\"text\",\"displayName\":\"Price\",\"required\":1,\"browse\":1,\"read\":1,\"edit\":1,\"add\":1,\"delete\":1,\"details\":\"{}\",\"relation\":null,\"order\":5},{\"id\":101,\"dataTypeId\":11,\"field\":\"payment_receipt\",\"type\":\"upload_file\",\"displayName\":\"Payment Receipt\",\"required\":1,\"browse\":1,\"read\":1,\"edit\":1,\"add\":1,\"delete\":1,\"details\":\"{}\",\"relation\":null,\"order\":6},{\"id\":102,\"dataTypeId\":11,\"field\":\"status\",\"type\":\"select\",\"displayName\":\"Status\",\"required\":1,\"browse\":1,\"read\":1,\"edit\":1,\"add\":1,\"delete\":1,\"details\":\"{\\n   \\\"size\\\":12,\\n   \\\"items\\\":[\\n      {\\n         \\\"label\\\":\\\"Pending\\\",\\n         \\\"value\\\":\\\"pending\\\"\\n      },\\n      {\\n         \\\"label\\\":\\\"Success\\\",\\n         \\\"value\\\":\\\"success\\\"\\n      }\\n   ]\\n}\",\"relation\":null,\"order\":7},{\"id\":103,\"dataTypeId\":11,\"field\":\"created_at\",\"type\":\"datetime\",\"displayName\":\"Created At\",\"required\":0,\"browse\":1,\"read\":1,\"edit\":0,\"add\":0,\"delete\":0,\"details\":\"{}\",\"relation\":null,\"order\":8},{\"id\":104,\"dataTypeId\":11,\"field\":\"updated_at\",\"type\":\"datetime\",\"displayName\":\"Updated At\",\"required\":0,\"browse\":1,\"read\":1,\"edit\":0,\"add\":0,\"delete\":0,\"details\":\"{}\",\"relation\":null,\"order\":9}],\"createSoftDelete\":false,\"rows\":[{\"label\":\"id\",\"value\":\"id\",\"field\":\"id\",\"type\":\"number\",\"display_name\":\"Id\",\"required\":true,\"browse\":false,\"read\":false,\"edit\":false,\"add\":false,\"delete\":false,\"details\":\"{}\",\"relation_type\":null,\"destination_table\":null,\"destination_table_column\":null,\"destination_table_display_column\":null,\"destination_table_display_more_column\":null,\"order\":1,\"set_relation\":false},{\"label\":\"ticket_id\",\"value\":\"ticket_id\",\"field\":\"ticket_id\",\"type\":\"relation\",\"display_name\":\"Ticket\",\"required\":true,\"browse\":true,\"read\":true,\"edit\":true,\"add\":true,\"delete\":true,\"details\":\"{}\",\"relation_type\":\"belongs_to\",\"destination_table\":\"cinema_tickets\",\"destination_table_column\":\"id\",\"destination_table_display_column\":\"code_ticket\",\"destination_table_display_more_column\":[\"id\",\"seat_id\",\"user_id\",\"movie_id\",\"code_ticket\",\"purchase_date\"],\"order\":2,\"set_relation\":false},{\"label\":\"user_id\",\"value\":\"user_id\",\"field\":\"user_id\",\"type\":\"relation\",\"display_name\":\"User\",\"required\":true,\"browse\":true,\"read\":true,\"edit\":true,\"add\":true,\"delete\":true,\"details\":\"{}\",\"relation_type\":\"belongs_to\",\"destination_table\":\"badaso_users\",\"destination_table_column\":\"id\",\"destination_table_display_column\":\"name\",\"destination_table_display_more_column\":[\"id\",\"name\",\"email\",\"phone\"],\"order\":3,\"set_relation\":false},{\"label\":\"payment_date\",\"value\":\"payment_date\",\"field\":\"payment_date\",\"type\":\"datetime\",\"display_name\":\"Payment Date\",\"required\":true,\"browse\":true,\"read\":true,\"edit\":true,\"add\":true,\"delete\":true,\"details\":\"{}\",\"relation_type\":null,\"destination_table\":null,\"destination_table_column\":null,\"destination_table_display_column\":null,\"destination_table_display_more_column\":null,\"order\":4,\"set_relation\":false},{\"label\":\"price\",\"value\":\"price\",\"field\":\"price\",\"type\":\"text\",\"display_name\":\"Price\",\"required\":true,\"browse\":true,\"read\":true,\"edit\":true,\"add\":true,\"delete\":true,\"details\":\"{}\",\"relation_type\":null,\"destination_table\":null,\"destination_table_column\":null,\"destination_table_display_column\":null,\"destination_table_display_more_column\":null,\"order\":5,\"set_relation\":false},{\"label\":\"payment_receipt\",\"value\":\"payment_receipt\",\"field\":\"payment_receipt\",\"type\":\"upload_image\",\"display_name\":\"Payment Receipt\",\"required\":true,\"browse\":true,\"read\":true,\"edit\":true,\"add\":true,\"delete\":true,\"details\":\"{}\",\"relation_type\":null,\"destination_table\":null,\"destination_table_column\":null,\"destination_table_display_column\":null,\"destination_table_display_more_column\":null,\"order\":6,\"set_relation\":false},{\"label\":\"status\",\"value\":\"status\",\"field\":\"status\",\"type\":\"select\",\"display_name\":\"Status\",\"required\":true,\"browse\":true,\"read\":true,\"edit\":true,\"add\":true,\"delete\":true,\"details\":\"{\\n   \\\"size\\\":12,\\n   \\\"items\\\":[\\n      {\\n         \\\"label\\\":\\\"Pending\\\",\\n         \\\"value\\\":\\\"pending\\\"\\n      },\\n      {\\n         \\\"label\\\":\\\"Success\\\",\\n         \\\"value\\\":\\\"success\\\"\\n      }\\n   ]\\n}\",\"relation_type\":null,\"destination_table\":null,\"destination_table_column\":null,\"destination_table_display_column\":null,\"destination_table_display_more_column\":null,\"order\":7,\"set_relation\":false},{\"label\":\"created_at\",\"value\":\"created_at\",\"field\":\"created_at\",\"type\":\"datetime\",\"display_name\":\"Created At\",\"required\":false,\"browse\":true,\"read\":true,\"edit\":false,\"add\":false,\"delete\":false,\"details\":\"{}\",\"relation_type\":null,\"destination_table\":null,\"destination_table_column\":null,\"destination_table_display_column\":null,\"destination_table_display_more_column\":null,\"order\":8,\"set_relation\":false},{\"label\":\"updated_at\",\"value\":\"updated_at\",\"field\":\"updated_at\",\"type\":\"datetime\",\"display_name\":\"Updated At\",\"required\":false,\"browse\":true,\"read\":true,\"edit\":false,\"add\":false,\"delete\":false,\"details\":\"{}\",\"relation_type\":null,\"destination_table\":null,\"destination_table_column\":null,\"destination_table_display_column\":null,\"destination_table_display_more_column\":null,\"order\":9,\"set_relation\":false}],\"display_name_singular\":\"Cinema Payments\",\"display_name_plural\":\"Cinema Payments\",\"model_name\":null,\"policy_name\":null,\"order_column\":null,\"order_display_column\":null,\"order_direction\":null,\"generate_permissions\":true,\"server_side\":false,\"is_maintenance\":0,\"is_soft_delete\":0,\"created_at\":\"2024-01-10T14:35:59.000000Z\",\"updated_at\":\"2024-01-10T14:35:59.000000Z\",\"data_rows\":[{\"id\":96,\"data_type_id\":11,\"field\":\"id\",\"type\":\"number\",\"display_name\":\"Id\",\"required\":1,\"browse\":0,\"read\":0,\"edit\":0,\"add\":0,\"delete\":0,\"details\":\"{}\",\"relation\":null,\"order\":1},{\"id\":97,\"data_type_id\":11,\"field\":\"ticket_id\",\"type\":\"relation\",\"display_name\":\"Ticket\",\"required\":1,\"browse\":1,\"read\":1,\"edit\":1,\"add\":1,\"delete\":1,\"details\":\"{}\",\"relation\":{\"relation_type\":\"belongs_to\",\"destination_table\":\"cinema_tickets\",\"destination_table_column\":\"id\",\"destination_table_display_column\":\"code_ticket\",\"destination_table_display_more_column\":[\"id\",\"seat_id\",\"user_id\",\"movie_id\",\"code_ticket\",\"purchase_date\"]},\"order\":2},{\"id\":98,\"data_type_id\":11,\"field\":\"user_id\",\"type\":\"relation\",\"display_name\":\"User\",\"required\":1,\"browse\":1,\"read\":1,\"edit\":1,\"add\":1,\"delete\":1,\"details\":\"{}\",\"relation\":{\"relation_type\":\"belongs_to\",\"destination_table\":\"badaso_users\",\"destination_table_column\":\"id\",\"destination_table_display_column\":\"name\",\"destination_table_display_more_column\":[\"id\",\"name\",\"email\",\"phone\"]},\"order\":3},{\"id\":99,\"data_type_id\":11,\"field\":\"payment_date\",\"type\":\"datetime\",\"display_name\":\"Payment Date\",\"required\":1,\"browse\":1,\"read\":1,\"edit\":1,\"add\":1,\"delete\":1,\"details\":\"{}\",\"relation\":null,\"order\":4},{\"id\":100,\"data_type_id\":11,\"field\":\"price\",\"type\":\"text\",\"display_name\":\"Price\",\"required\":1,\"browse\":1,\"read\":1,\"edit\":1,\"add\":1,\"delete\":1,\"details\":\"{}\",\"relation\":null,\"order\":5},{\"id\":101,\"data_type_id\":11,\"field\":\"payment_receipt\",\"type\":\"upload_file\",\"display_name\":\"Payment Receipt\",\"required\":1,\"browse\":1,\"read\":1,\"edit\":1,\"add\":1,\"delete\":1,\"details\":\"{}\",\"relation\":null,\"order\":6},{\"id\":102,\"data_type_id\":11,\"field\":\"status\",\"type\":\"select\",\"display_name\":\"Status\",\"required\":1,\"browse\":1,\"read\":1,\"edit\":1,\"add\":1,\"delete\":1,\"details\":\"{\\n   \\\"size\\\":12,\\n   \\\"items\\\":[\\n      {\\n         \\\"label\\\":\\\"Pending\\\",\\n         \\\"value\\\":\\\"pending\\\"\\n      },\\n      {\\n         \\\"label\\\":\\\"Success\\\",\\n         \\\"value\\\":\\\"success\\\"\\n      }\\n   ]\\n}\",\"relation\":null,\"order\":7},{\"id\":103,\"data_type_id\":11,\"field\":\"created_at\",\"type\":\"datetime\",\"display_name\":\"Created At\",\"required\":0,\"browse\":1,\"read\":1,\"edit\":0,\"add\":0,\"delete\":0,\"details\":\"{}\",\"relation\":null,\"order\":8},{\"id\":104,\"data_type_id\":11,\"field\":\"updated_at\",\"type\":\"datetime\",\"display_name\":\"Updated At\",\"required\":0,\"browse\":1,\"read\":1,\"edit\":0,\"add\":0,\"delete\":0,\"details\":\"{}\",\"relation\":null,\"order\":9}],\"create_soft_delete\":false}}',NULL,'2024-01-10 15:05:51','2024-01-10 15:05:51'),(59,'Database','Delete table genre_id has been deleted',NULL,NULL,'deleted',1,'Uasoft\\Badaso\\Models\\User','[]',NULL,'2024-01-10 15:10:45','2024-01-10 15:10:45');

#
# Structure for table "badaso_configurations"
#

CREATE TABLE `badaso_configurations` (
  `id` bigint(20) unsigned NOT NULL AUTO_INCREMENT,
  `key` varchar(255) COLLATE utf8mb4_unicode_ci NOT NULL,
  `display_name` varchar(255) COLLATE utf8mb4_unicode_ci NOT NULL,
  `value` text COLLATE utf8mb4_unicode_ci,
  `details` text COLLATE utf8mb4_unicode_ci,
  `type` varchar(255) COLLATE utf8mb4_unicode_ci NOT NULL,
  `order` int(11) NOT NULL DEFAULT '1',
  `group` varchar(255) COLLATE utf8mb4_unicode_ci DEFAULT NULL,
  `can_delete` tinyint(1) NOT NULL DEFAULT '0',
  `created_at` timestamp NULL DEFAULT NULL,
  `updated_at` timestamp NULL DEFAULT NULL,
  PRIMARY KEY (`id`),
  UNIQUE KEY `badaso_configurations_key_unique` (`key`)
) ENGINE=InnoDB AUTO_INCREMENT=14 DEFAULT CHARSET=utf8mb4 COLLATE=utf8mb4_unicode_ci;

#
# Data for table "badaso_configurations"
#

INSERT INTO `badaso_configurations` VALUES (1,'adminPanelTitle','Admin Panel Title','Travel & Event','null','text',1,'adminPanel',0,'2024-01-09 12:22:47','2024-01-10 10:21:40'),(2,'adminPanelDescription','Admin Panel Description','Badaso, SPA CRUD Generator','null','text',2,'adminPanel',0,'2024-01-09 12:22:47','2024-01-10 10:21:22'),(3,'adminPanelLogo','Admin Panel Logo','photos/shares/logo.webp','{\"type\":\"shares-only\"}','upload_image',3,'adminPanel',0,'2024-01-09 12:22:47','2024-01-09 12:22:47'),(4,'adminPanelHeaderColor','Admin Panel Header Color','#ffffff','null','color_picker',4,'adminPanel',0,'2024-01-09 12:22:47','2024-01-10 10:21:22'),(5,'adminPanelHeaderFontColor','Admin Panel Header Font Color','#06bbd3','null','color_picker',5,'adminPanel',0,'2024-01-09 12:22:47','2024-01-10 10:21:22'),(6,'adminPanelVerifyEmail','Should verify email after register','0','null','switch',6,'adminPanel',0,'2024-01-09 12:22:47','2024-01-10 10:21:40'),(7,'adminPanelLogoConfig','Admin Panel Logo Config','text_only','{\"items\":[{\"label\":\"Logo Only\",\"value\":\"logo_only\"},{\"label\":\"Text Only\",\"value\":\"text_only\"},{\"label\":\"Logo & Text\",\"value\":\"logo_and_text\"}]}','select',1,'adminPanel',0,'2024-01-09 12:22:47','2024-01-10 10:21:22'),(8,'favicon','Favicon','photos/shares/favicon.png','{\"type\":\"shares-only\"}','upload_image',7,'adminPanel',0,'2024-01-09 12:22:47','2024-01-09 12:22:47'),(9,'maintenance','Maintenance for all pages.','0','\"Admin still can access the dashboard.\"','switch',8,'adminPanel',0,'2024-01-09 12:22:47','2024-01-10 10:21:40'),(10,'authBackgroundImage','Background image for login page.','photos/shares/auth-bg.jpg','\"Admin still can access the dashboard.\"','upload_image',9,'adminPanel',0,'2024-01-09 12:22:47','2024-01-10 10:21:22'),(11,'maintenanceImage','Image for maintenance page','photos/shares/maintenance.png','{\"type\":\"shares-only\"}','upload_image',10,'adminPanel',0,'2024-01-09 12:22:47','2024-01-09 12:22:47'),(12,'defaultRoleRegistration','Default Role Registration','customer','{\"items\":[{\"label\":\"Administrator\",\"value\":\"administrator\"},{\"label\":\"Customer\",\"value\":\"customer\"},{\"label\":\"Admin Rental Transportasi\",\"value\":\"admin_rental_transportasi\"},{\"label\":\"Administrator\",\"value\":\"administrator\"},{\"label\":\"Customer\",\"value\":\"customer\"},{\"label\":\"Admin Rental Transportasi\",\"value\":\"admin_rental_transportasi\"}]}','select',1,'adminPanel',0,'2024-01-09 12:22:47','2024-01-10 10:21:40'),(13,'timeWaitResendToken','Time wait to resend token','60','{\"items\":[]}','number',1,'adminPanel',0,'2024-01-09 12:22:47','2024-01-09 12:22:47');

#
# Structure for table "badaso_data_types"
#

CREATE TABLE `badaso_data_types` (
  `id` bigint(20) unsigned NOT NULL AUTO_INCREMENT,
  `name` varchar(255) COLLATE utf8mb4_unicode_ci NOT NULL,
  `slug` varchar(255) COLLATE utf8mb4_unicode_ci NOT NULL,
  `display_name_singular` varchar(255) COLLATE utf8mb4_unicode_ci NOT NULL,
  `display_name_plural` varchar(255) COLLATE utf8mb4_unicode_ci NOT NULL,
  `icon` varchar(255) COLLATE utf8mb4_unicode_ci DEFAULT NULL,
  `model_name` varchar(255) COLLATE utf8mb4_unicode_ci DEFAULT NULL,
  `policy_name` varchar(255) COLLATE utf8mb4_unicode_ci DEFAULT NULL,
  `controller` varchar(255) COLLATE utf8mb4_unicode_ci DEFAULT NULL,
  `order_column` varchar(255) COLLATE utf8mb4_unicode_ci DEFAULT NULL,
  `order_display_column` varchar(255) COLLATE utf8mb4_unicode_ci DEFAULT NULL,
  `order_direction` enum('ASC','DESC') COLLATE utf8mb4_unicode_ci DEFAULT NULL,
  `generate_permissions` tinyint(1) NOT NULL DEFAULT '0',
  `server_side` tinyint(4) NOT NULL DEFAULT '0',
  `is_maintenance` tinyint(1) NOT NULL DEFAULT '0',
  `description` text COLLATE utf8mb4_unicode_ci,
  `details` text COLLATE utf8mb4_unicode_ci,
  `notification` text COLLATE utf8mb4_unicode_ci,
  `is_soft_delete` tinyint(1) DEFAULT '0',
  `created_at` timestamp NULL DEFAULT NULL,
  `updated_at` timestamp NULL DEFAULT NULL,
  PRIMARY KEY (`id`),
  UNIQUE KEY `badaso_data_types_name_unique` (`name`),
  UNIQUE KEY `badaso_data_types_slug_unique` (`slug`)
) ENGINE=InnoDB AUTO_INCREMENT=14 DEFAULT CHARSET=utf8mb4 COLLATE=utf8mb4_unicode_ci;

#
# Data for table "badaso_data_types"
#

INSERT INTO `badaso_data_types` VALUES (1,'branches','branches','Branches','Branches',NULL,NULL,NULL,NULL,NULL,NULL,NULL,1,0,0,NULL,NULL,'[]',0,'2024-01-10 01:25:02','2024-01-10 01:25:02'),(2,'cars','cars','Cars','Cars',NULL,NULL,NULL,NULL,NULL,NULL,NULL,1,0,0,NULL,NULL,'[]',0,'2024-01-10 01:27:45','2024-01-10 01:27:45'),(3,'employees','employees','Employees','Employees',NULL,NULL,NULL,NULL,NULL,NULL,NULL,1,0,0,NULL,NULL,'[]',0,'2024-01-10 01:35:47','2024-01-10 01:39:20'),(4,'rentals','rentals','Rentals','Rentals',NULL,NULL,NULL,NULL,NULL,NULL,NULL,1,0,0,NULL,NULL,'[]',0,'2024-01-10 03:11:45','2024-01-10 03:11:45'),(5,'payments','payments','Payments','Payments',NULL,NULL,NULL,NULL,NULL,NULL,NULL,1,0,0,NULL,NULL,'[]',0,'2024-01-10 03:19:19','2024-01-10 03:19:19'),(7,'cinema_studios','cinema-studios','Cinema Studios','Cinema Studios',NULL,NULL,NULL,NULL,NULL,NULL,NULL,1,0,0,NULL,NULL,'[]',0,'2024-01-10 14:11:23','2024-01-10 14:11:23'),(8,'cinema_shows','cinema-shows','Cinema Shows','Cinema Shows',NULL,NULL,NULL,NULL,NULL,NULL,NULL,1,0,0,NULL,NULL,'[]',0,'2024-01-10 14:15:45','2024-01-10 14:15:45'),(9,'cinema_seats','cinema-seats','Cinema Seats','Cinema Seats',NULL,NULL,NULL,NULL,NULL,NULL,NULL,1,0,0,NULL,NULL,'[]',0,'2024-01-10 14:21:15','2024-01-10 14:21:15'),(10,'cinema_tickets','cinema-tickets','Cinema Tickets','Cinema Tickets',NULL,NULL,NULL,NULL,NULL,NULL,NULL,1,0,0,NULL,NULL,'[]',0,'2024-01-10 14:24:19','2024-01-10 14:58:32'),(11,'cinema_payments','cinema-payments','Cinema Payments','Cinema Payments',NULL,NULL,NULL,NULL,NULL,NULL,NULL,1,0,0,NULL,NULL,'[]',0,'2024-01-10 14:35:59','2024-01-10 15:05:50'),(12,'cinema_genres','cinema-genres','Cinema Genres','Cinema Genres',NULL,NULL,NULL,NULL,NULL,NULL,NULL,1,0,0,NULL,NULL,'[]',0,'2024-01-10 14:36:31','2024-01-10 14:36:31'),(13,'cinema_movies','cinema-movies','Cinema Movies','Cinema Movies',NULL,NULL,NULL,NULL,NULL,NULL,NULL,1,0,0,NULL,NULL,'[]',0,'2024-01-10 14:53:24','2024-01-10 14:53:24');

#
# Structure for table "badaso_data_rows"
#

CREATE TABLE `badaso_data_rows` (
  `id` bigint(20) unsigned NOT NULL AUTO_INCREMENT,
  `data_type_id` bigint(20) unsigned NOT NULL,
  `field` varchar(255) COLLATE utf8mb4_unicode_ci NOT NULL,
  `type` varchar(255) COLLATE utf8mb4_unicode_ci NOT NULL,
  `display_name` varchar(255) COLLATE utf8mb4_unicode_ci NOT NULL,
  `required` tinyint(1) NOT NULL DEFAULT '0',
  `browse` tinyint(1) NOT NULL DEFAULT '1',
  `read` tinyint(1) NOT NULL DEFAULT '1',
  `edit` tinyint(1) NOT NULL DEFAULT '1',
  `add` tinyint(1) NOT NULL DEFAULT '1',
  `delete` tinyint(1) NOT NULL DEFAULT '1',
  `details` text COLLATE utf8mb4_unicode_ci,
  `relation` text COLLATE utf8mb4_unicode_ci,
  `order` int(11) NOT NULL DEFAULT '1',
  PRIMARY KEY (`id`),
  KEY `badaso_data_rows_data_type_id_foreign` (`data_type_id`),
  CONSTRAINT `badaso_data_rows_data_type_id_foreign` FOREIGN KEY (`data_type_id`) REFERENCES `badaso_data_types` (`id`) ON DELETE CASCADE ON UPDATE CASCADE
) ENGINE=InnoDB AUTO_INCREMENT=154 DEFAULT CHARSET=utf8mb4 COLLATE=utf8mb4_unicode_ci;

#
# Data for table "badaso_data_rows"
#

INSERT INTO `badaso_data_rows` VALUES (1,1,'id','number','Id',1,0,0,0,0,0,'{}',NULL,1),(2,1,'branch_name','text','Branch Name',1,1,1,1,1,1,'{}',NULL,2),(3,1,'location','text','Location',1,1,1,1,1,1,'{}',NULL,3),(4,1,'phone_number','text','Phone Number',1,1,1,1,1,1,'{}',NULL,4),(5,1,'created_at','datetime','Created At',0,1,1,0,0,0,'{}',NULL,5),(6,1,'updated_at','datetime','Updated At',0,1,1,0,0,0,'{}',NULL,6),(7,2,'id','number','Id',1,0,0,0,0,0,'{}',NULL,1),(8,2,'branch_id','relation','Branch',1,1,1,1,1,1,'{}','{\"relation_type\":\"belongs_to\",\"destination_table\":\"branches\",\"destination_table_column\":\"id\",\"destination_table_display_column\":\"branch_name\",\"destination_table_display_more_column\":[\"id\",\"branch_name\"]}',2),(9,2,'brand','text','Brand',1,1,1,1,1,1,'{}',NULL,3),(10,2,'rental_price','number','Rental Price',1,1,1,1,1,1,'{}',NULL,4),(11,2,'description','textarea','Description',1,1,1,1,1,1,'{}',NULL,5),(12,2,'image','upload_image_multiple','Image',1,1,1,1,1,1,'{}',NULL,6),(13,2,'is_available','number','Is Available',1,1,1,1,1,1,'{}',NULL,7),(14,2,'is_used','number','Is Used',1,1,1,1,1,1,'{}',NULL,8),(15,2,'created_at','datetime','Created At',0,1,1,0,0,0,'{}',NULL,9),(16,2,'updated_at','datetime','Updated At',0,1,1,0,0,0,'{}',NULL,10),(38,3,'id','number','Id',1,0,0,0,0,0,'{}',NULL,1),(39,3,'user_id','relation','User',1,1,1,1,1,1,'{}','{\"relation_type\":\"belongs_to\",\"destination_table\":\"badaso_users\",\"destination_table_column\":\"id\",\"destination_table_display_column\":\"name\",\"destination_table_display_more_column\":[\"id\",\"name\"]}',2),(40,3,'position','text','Position',1,1,1,1,1,1,'{}',NULL,3),(41,3,'status','select','Status',1,1,1,1,1,1,'{\n   \"size\":12,\n   \"items\":[\n      {\n         \"label\":\"Diterima kerja\",\n         \"value\":\"Diterima kerja\"\n      }\n   ]\n}',NULL,4),(42,3,'status_booking','select','Status Booking',1,1,1,1,1,1,'{\n   \"size\":12,\n   \"items\":[\n      {\n         \"label\":\"Aku bekerja\",\n         \"value\":\"Aku bekerja\"\n      },\n      {\n         \"label\":\"Aku belum bekerja\",\n         \"value\":\"Aku belum bekerja\"\n      }\n   ]\n}',NULL,5),(43,3,'created_at','datetime','Created At',0,1,1,0,0,0,'{}',NULL,6),(44,3,'updated_at','datetime','Updated At',0,1,1,0,0,0,'{}',NULL,7),(45,4,'id','number','Id',1,0,0,0,0,0,'{}',NULL,1),(46,4,'car_id','relation','Car',1,1,1,1,1,1,'{}','{\"relation_type\":\"belongs_to\",\"destination_table\":\"cars\",\"destination_table_column\":\"id\",\"destination_table_display_column\":\"brand\",\"destination_table_display_more_column\":[\"id\",\"brand\",\"rental_price\"]}',2),(47,4,'user_id','relation','User',1,1,1,1,1,1,'{}','{\"relation_type\":\"belongs_to\",\"destination_table\":\"badaso_users\",\"destination_table_column\":\"id\",\"destination_table_display_column\":\"name\",\"destination_table_display_more_column\":[\"id\",\"name\"]}',3),(48,4,'employee_id','relation','Employee',1,1,1,1,1,1,'{}','{\"relation_type\":\"belongs_to\",\"destination_table\":\"employees\",\"destination_table_column\":\"id\",\"destination_table_display_column\":\"user_id\",\"destination_table_display_more_column\":[\"id\",\"status_booking\",\"user_id\"]}',4),(49,4,'rental_code','text','Rental Code',1,1,1,1,1,1,'{}',NULL,5),(50,4,'start_date','date','Start Date',1,1,1,1,1,1,'{}',NULL,6),(51,4,'end_date','date','End Date',1,1,1,1,1,1,'{}',NULL,7),(52,4,'duration','number','Duration',1,1,1,1,1,1,'{}',NULL,8),(53,4,'total_cost','number','Total Cost',1,1,1,1,1,1,'{}',NULL,9),(54,4,'rental_status','select','Rental Status',1,1,1,1,1,1,'{\n   \"size\":12,\n   \"items\":[\n      {\n         \"label\":\"disewa\",\n         \"value\":\"disewa\"\n      },\n      {\n         \"label\":\"selesai\",\n         \"value\":\"selesai\"\n      }\n   ]\n}',NULL,10),(55,4,'created_at','datetime','Created At',0,1,1,0,0,0,'{}',NULL,11),(56,4,'updated_at','datetime','Updated At',0,1,1,0,0,0,'{}',NULL,12),(57,5,'id','number','Id',1,0,0,0,0,0,'{}',NULL,1),(58,5,'rental_id','relation','Rental',1,1,1,1,1,1,'{}','{\"relation_type\":\"belongs_to\",\"destination_table\":\"rentals\",\"destination_table_column\":\"id\",\"destination_table_display_column\":\"rental_code\",\"destination_table_display_more_column\":[\"id\",\"rental_code\",\"total_cost\"]}',2),(59,5,'payment_method','select','Payment Method',1,1,1,1,1,1,'{\n   \"size\":12,\n   \"items\":[\n      {\n         \"label\":\"QRIS\",\n         \"value\":\"QRIS\"\n      },\n      {\n         \"label\":\"Virtual Account\",\n         \"value\":\"Virtual Account\"\n      },\n      {\n         \"label\":\"Retail Outlet\",\n         \"value\":\"Retail Outlet\"\n      }      \n   ]\n}',NULL,3),(60,5,'payment_amount','number','Payment Amount',1,1,1,1,1,1,'{}',NULL,4),(61,5,'payment_date','date','Payment Date',1,1,1,1,1,1,'{}',NULL,5),(62,5,'payment_status','select','Payment Status',1,1,1,1,1,1,'{\n   \"size\":12,\n   \"items\":[\n      {\n         \"label\":\"status\",\n         \"value\":\"status\"\n      }\n   ]\n}',NULL,6),(63,5,'created_at','datetime','Created At',0,1,1,0,0,0,'{}',NULL,7),(64,5,'updated_at','datetime','Updated At',0,1,1,0,0,0,'{}',NULL,8),(72,7,'id','number','Id',1,0,0,0,0,0,'{}',NULL,1),(73,7,'studio','text','Studio',1,1,1,1,1,1,'{}',NULL,2),(74,7,'created_at','datetime','Created At',0,1,1,0,0,0,'{}',NULL,3),(75,7,'updated_at','datetime','Updated At',0,1,1,0,0,0,'{}',NULL,4),(76,8,'id','number','Id',1,0,0,0,0,0,'{}',NULL,1),(77,8,'movie_id','relation','Movie',1,1,1,1,1,1,'{}','{\"relation_type\":\"belongs_to\",\"destination_table\":\"cinema_movies\",\"destination_table_column\":\"id\",\"destination_table_display_column\":\"title\",\"destination_table_display_more_column\":[\"id\",\"genre_id\",\"title\",\"duration\",\"release_date\"]}',2),(78,8,'studio_id','relation','Studio',1,1,1,1,1,1,'{}','{\"relation_type\":\"belongs_to\",\"destination_table\":\"cinema_studios\",\"destination_table_column\":\"id\",\"destination_table_display_column\":\"studio\",\"destination_table_display_more_column\":[\"id\",\"studio\"]}',3),(79,8,'showtime','datetime','Showtime',1,1,1,1,1,1,'{}',NULL,4),(80,8,'created_at','datetime','Created At',0,1,1,0,0,0,'{}',NULL,5),(81,8,'updated_at','datetime','Updated At',0,1,1,0,0,0,'{}',NULL,6),(82,9,'id','number','Id',1,0,0,0,0,0,'{}',NULL,1),(83,9,'show_id','relation','Show',1,1,1,1,1,1,'{}','{\"relation_type\":\"belongs_to\",\"destination_table\":\"cinema_shows\",\"destination_table_column\":\"id\",\"destination_table_display_column\":\"showtime\",\"destination_table_display_more_column\":[\"id\",\"movie_id\",\"studio_id\",\"showtime\"]}',2),(84,9,'seat_number','text','Seat Number',1,1,1,1,1,1,'{}',NULL,3),(85,9,'seat_status','select','Seat Status',1,1,1,1,1,1,'{\n   \"size\":12,\n   \"items\":[\n      {\n         \"label\":\"Available\",\n         \"value\":\"available\"\n      },\n      {\n         \"label\":\"Not Available\",\n         \"value\":\"not available\"\n      }      \n   ]\n}',NULL,4),(86,9,'created_at','datetime','Created At',0,1,1,0,0,0,'{}',NULL,5),(87,9,'updated_at','datetime','Updated At',0,1,1,0,0,0,'{}',NULL,6),(105,12,'id','number','Id',1,0,0,0,0,0,'{}',NULL,1),(106,12,'genre','text','Genre',1,1,1,1,1,1,'{}',NULL,2),(107,12,'created_at','datetime','Created At',0,1,1,0,0,0,'{}',NULL,3),(108,12,'updated_at','datetime','Updated At',0,1,1,0,0,0,'{}',NULL,4),(130,13,'id','number','Id',1,0,0,0,0,0,'{}',NULL,1),(131,13,'genre_id','relation','Genre',1,1,1,1,1,1,'{}','{\"relation_type\":\"belongs_to\",\"destination_table\":\"cinema_genres\",\"destination_table_column\":\"id\",\"destination_table_display_column\":\"genre\",\"destination_table_display_more_column\":[\"id\",\"genre\"]}',2),(132,13,'title','text','Title',1,1,1,1,1,1,'{}',NULL,3),(133,13,'duration','time','Duration',1,1,1,1,1,1,'{}',NULL,4),(134,13,'release_date','date','Release Date',1,1,1,1,1,1,'{}',NULL,5),(135,13,'created_at','datetime','Created At',0,1,1,0,0,0,'{}',NULL,6),(136,13,'updated_at','datetime','Updated At',0,1,1,0,0,0,'{}',NULL,7),(137,10,'id','number','Id',1,0,0,0,0,0,'{}',NULL,1),(138,10,'seat_id','relation','Seat',1,1,1,1,1,1,'{}','{\"relation_type\":\"belongs_to\",\"destination_table\":\"cinema_seats\",\"destination_table_column\":\"id\",\"destination_table_display_column\":\"seat_number\",\"destination_table_display_more_column\":[\"id\",\"show_id\",\"seat_number\",\"seat_status\"]}',2),(139,10,'user_id','relation','User',1,1,1,1,1,1,'{}','{\"relation_type\":\"belongs_to\",\"destination_table\":\"badaso_users\",\"destination_table_column\":\"id\",\"destination_table_display_column\":\"name\",\"destination_table_display_more_column\":[\"id\",\"name\",\"email\",\"phone\"]}',3),(140,10,'movie_id','relation','Movie',1,1,1,1,1,1,'{}','{\"relation_type\":\"belongs_to\",\"destination_table\":\"cinema_movies\",\"destination_table_column\":\"id\",\"destination_table_display_column\":\"title\",\"destination_table_display_more_column\":[\"id\",\"genre_id\",\"title\",\"duration\",\"release_date\"]}',4),(141,10,'code_ticket','text','Code Ticket',1,1,1,1,1,1,'{}',NULL,5),(142,10,'purchase_date','datetime','Purchase Date',1,1,1,1,1,1,'{}',NULL,6),(143,10,'created_at','datetime','Created At',0,1,1,0,0,0,'{}',NULL,7),(144,10,'updated_at','datetime','Updated At',0,1,1,0,0,0,'{}',NULL,8),(145,11,'id','number','Id',1,0,0,0,0,0,'{}',NULL,1),(146,11,'ticket_id','relation','Ticket',1,1,1,1,1,1,'{}','{\"relation_type\":\"belongs_to\",\"destination_table\":\"cinema_tickets\",\"destination_table_column\":\"id\",\"destination_table_display_column\":\"code_ticket\",\"destination_table_display_more_column\":[\"id\",\"seat_id\",\"user_id\",\"movie_id\",\"code_ticket\",\"purchase_date\"]}',2),(147,11,'user_id','relation','User',1,1,1,1,1,1,'{}','{\"relation_type\":\"belongs_to\",\"destination_table\":\"badaso_users\",\"destination_table_column\":\"id\",\"destination_table_display_column\":\"name\",\"destination_table_display_more_column\":[\"id\",\"name\",\"email\",\"phone\"]}',3),(148,11,'payment_date','datetime','Payment Date',1,1,1,1,1,1,'{}',NULL,4),(149,11,'price','text','Price',1,1,1,1,1,1,'{}',NULL,5),(150,11,'payment_receipt','upload_image','Payment Receipt',1,1,1,1,1,1,'{}',NULL,6),(151,11,'status','select','Status',1,1,1,1,1,1,'{\n   \"size\":12,\n   \"items\":[\n      {\n         \"label\":\"Pending\",\n         \"value\":\"pending\"\n      },\n      {\n         \"label\":\"Success\",\n         \"value\":\"success\"\n      }\n   ]\n}',NULL,7),(152,11,'created_at','datetime','Created At',0,1,1,0,0,0,'{}',NULL,8),(153,11,'updated_at','datetime','Updated At',0,1,1,0,0,0,'{}',NULL,9);

#
# Structure for table "badaso_email_resets"
#

CREATE TABLE `badaso_email_resets` (
  `id` bigint(20) unsigned NOT NULL AUTO_INCREMENT,
  `user_id` bigint(20) unsigned DEFAULT NULL,
  `email` varchar(255) COLLATE utf8mb4_unicode_ci NOT NULL,
  `verification_token` varchar(255) COLLATE utf8mb4_unicode_ci DEFAULT NULL,
  `expired_at` datetime DEFAULT NULL,
  `count_incorrect` int(11) DEFAULT NULL,
  `created_at` timestamp NULL DEFAULT NULL,
  `updated_at` timestamp NULL DEFAULT NULL,
  PRIMARY KEY (`id`),
  UNIQUE KEY `badaso_email_resets_verification_token_unique` (`verification_token`)
) ENGINE=InnoDB DEFAULT CHARSET=utf8mb4 COLLATE=utf8mb4_unicode_ci;

#
# Data for table "badaso_email_resets"
#


#
# Structure for table "badaso_menu_items"
#

CREATE TABLE `badaso_menu_items` (
  `id` bigint(20) unsigned NOT NULL AUTO_INCREMENT,
  `menu_id` bigint(20) unsigned NOT NULL,
  `title` varchar(255) COLLATE utf8mb4_unicode_ci NOT NULL,
  `url` varchar(255) COLLATE utf8mb4_unicode_ci NOT NULL,
  `target` varchar(255) COLLATE utf8mb4_unicode_ci NOT NULL DEFAULT '_self',
  `icon_class` varchar(255) COLLATE utf8mb4_unicode_ci DEFAULT NULL,
  `color` varchar(255) COLLATE utf8mb4_unicode_ci DEFAULT NULL,
  `parent_id` int(11) DEFAULT NULL,
  `order` int(11) NOT NULL,
  `is_expand` tinyint(1) NOT NULL DEFAULT '1',
  `permissions` text COLLATE utf8mb4_unicode_ci,
  `created_at` timestamp NULL DEFAULT NULL,
  `updated_at` timestamp NULL DEFAULT NULL,
  PRIMARY KEY (`id`)
) ENGINE=InnoDB AUTO_INCREMENT=29 DEFAULT CHARSET=utf8mb4 COLLATE=utf8mb4_unicode_ci;

#
# Data for table "badaso_menu_items"
#

INSERT INTO `badaso_menu_items` VALUES (1,2,'Permission Management','/permission','_self','lock','',NULL,1,1,'browse_permissions','2024-01-09 12:22:47','2024-01-09 12:22:47'),(2,2,'Role Management','/role','_self','accessibility','',NULL,2,1,'browse_roles','2024-01-09 12:22:47','2024-01-09 12:22:47'),(3,2,'User Management','/user','_self','person','',NULL,3,1,'browse_users','2024-01-09 12:22:47','2024-01-09 12:22:47'),(4,2,'Menu Management','/menu','_self','menu','',NULL,4,1,'browse_menus','2024-01-09 12:22:47','2024-01-09 12:22:47'),(5,2,'CRUD Management','/crud','_self','list_alt','',NULL,5,1,'browse_crud_data','2024-01-09 12:22:47','2024-01-09 12:22:47'),(6,2,'Database Management','/database','_self','inventory','',NULL,5,1,'browse_database','2024-01-09 12:22:47','2024-01-09 12:22:47'),(7,2,'Configuration','/configuration','_self','settings','',NULL,6,1,'browse_configurations','2024-01-09 12:22:47','2024-01-09 12:22:47'),(8,2,'Activity Log','/activity-log','_self','announcement','',NULL,7,1,'browse_activitylogs','2024-01-09 12:22:47','2024-01-09 12:22:47'),(9,2,'Log Viewer','/log-viewer','_self','error','',NULL,8,1,'browse_logviewer','2024-01-09 12:22:47','2024-01-09 12:22:47'),(10,2,'API Documentation','/api-docs','_self','menu_book','',NULL,9,1,'browse_apidocs','2024-01-09 12:22:47','2024-01-09 12:22:47'),(11,2,'Media Manager','/#','_self','folder_open',NULL,NULL,10,1,NULL,'2024-01-09 12:22:47','2024-01-09 12:22:47'),(12,2,'Files','/file-manager','_self','folder','',11,1,1,'browse_file_manager','2024-01-09 12:22:47','2024-01-09 12:22:47'),(13,2,'Images','/image-manager','_self','perm_media','',11,2,1,'browse_file_manager','2024-01-09 12:22:47','2024-01-09 12:22:47'),(14,1,'Dashboard','/home','_self','dashboard','',NULL,1,1,NULL,'2024-01-09 12:22:47','2024-01-10 15:04:05'),(15,1,'Branches','/general/branches','_self',NULL,NULL,NULL,2,1,'browse_branches','2024-01-10 01:25:02','2024-01-10 15:04:05'),(16,1,'Cars','/general/cars','_self',NULL,NULL,NULL,3,1,'browse_cars','2024-01-10 01:27:45','2024-01-10 15:04:05'),(17,1,'Employees','/general/employees','_self',NULL,NULL,NULL,4,1,'browse_employees','2024-01-10 01:35:47','2024-01-10 15:04:05'),(18,1,'Rentals','/general/rentals','_self',NULL,NULL,NULL,5,1,'browse_rentals','2024-01-10 03:11:45','2024-01-10 15:04:05'),(19,1,'Payments','/general/payments','_self',NULL,NULL,NULL,6,1,'browse_payments','2024-01-10 03:19:19','2024-01-10 15:04:05'),(21,1,'Cinema Studios','/general/cinema-studios','_self',NULL,NULL,28,3,1,'browse_cinema_studios','2024-01-10 14:11:24','2024-01-10 15:03:56'),(22,1,'Cinema Shows','/general/cinema-shows','_self',NULL,NULL,28,4,1,'browse_cinema_shows','2024-01-10 14:15:45','2024-01-10 15:04:00'),(23,1,'Cinema Seats','/general/cinema-seats','_self',NULL,NULL,28,5,1,'browse_cinema_seats','2024-01-10 14:21:15','2024-01-10 15:04:07'),(24,1,'Cinema Tickets','/general/cinema-tickets','_self',NULL,NULL,28,6,1,'browse_cinema_tickets','2024-01-10 14:24:19','2024-01-10 15:04:15'),(25,1,'Cinema Payments','/general/cinema-payments','_self',NULL,NULL,NULL,7,1,'browse_cinema_payments','2024-01-10 14:35:59','2024-01-10 15:05:51'),(26,1,'Cinema Genres','/general/cinema-genres','_self',NULL,NULL,28,1,1,'browse_cinema_genres','2024-01-10 14:36:31','2024-01-10 15:03:40'),(27,1,'Cinema Movies','/general/cinema-movies','_self',NULL,NULL,28,2,1,'browse_cinema_movies','2024-01-10 14:53:24','2024-01-10 15:03:53'),(28,1,'Cinema','/general','_self',NULL,'#000000',NULL,7,1,NULL,'2024-01-10 15:03:11','2024-01-10 15:04:05');

#
# Structure for table "badaso_menus"
#

CREATE TABLE `badaso_menus` (
  `id` bigint(20) unsigned NOT NULL AUTO_INCREMENT,
  `key` varchar(255) COLLATE utf8mb4_unicode_ci NOT NULL,
  `display_name` varchar(255) COLLATE utf8mb4_unicode_ci NOT NULL,
  `icon` varchar(255) COLLATE utf8mb4_unicode_ci DEFAULT NULL,
  `is_expand` tinyint(1) NOT NULL DEFAULT '1',
  `is_show_header` tinyint(1) NOT NULL DEFAULT '1',
  `created_at` timestamp NULL DEFAULT NULL,
  `updated_at` timestamp NULL DEFAULT NULL,
  `order` int(11) DEFAULT NULL,
  PRIMARY KEY (`id`),
  UNIQUE KEY `badaso_menus_key_unique` (`key`)
) ENGINE=InnoDB AUTO_INCREMENT=4 DEFAULT CHARSET=utf8mb4 COLLATE=utf8mb4_unicode_ci;

#
# Data for table "badaso_menus"
#

INSERT INTO `badaso_menus` VALUES (1,'general','General Menu',NULL,1,1,'2024-01-09 12:22:47','2024-01-10 03:30:26',1),(2,'core','Core',NULL,1,1,'2024-01-09 12:22:47','2024-01-10 07:44:35',2),(3,'admin','Admin',NULL,1,1,NULL,NULL,3);

#
# Structure for table "badaso_password_resets"
#

CREATE TABLE `badaso_password_resets` (
  `id` bigint(20) unsigned NOT NULL AUTO_INCREMENT,
  `email` varchar(255) COLLATE utf8mb4_unicode_ci NOT NULL,
  `token` varchar(255) COLLATE utf8mb4_unicode_ci NOT NULL,
  `created_at` timestamp NULL DEFAULT NULL,
  PRIMARY KEY (`id`),
  KEY `badaso_password_resets_email_index` (`email`)
) ENGINE=InnoDB DEFAULT CHARSET=utf8mb4 COLLATE=utf8mb4_unicode_ci;

#
# Data for table "badaso_password_resets"
#


#
# Structure for table "badaso_permissions"
#

CREATE TABLE `badaso_permissions` (
  `id` bigint(20) unsigned NOT NULL AUTO_INCREMENT,
  `key` varchar(255) COLLATE utf8mb4_unicode_ci NOT NULL,
  `description` varchar(255) COLLATE utf8mb4_unicode_ci DEFAULT NULL,
  `table_name` varchar(255) COLLATE utf8mb4_unicode_ci DEFAULT NULL,
  `always_allow` tinyint(1) NOT NULL DEFAULT '0',
  `is_public` tinyint(1) NOT NULL DEFAULT '0',
  `roles_can_see_all_data` varchar(255) COLLATE utf8mb4_unicode_ci DEFAULT NULL,
  `field_identify_related_user` varchar(255) COLLATE utf8mb4_unicode_ci DEFAULT NULL,
  `created_at` timestamp NULL DEFAULT NULL,
  `updated_at` timestamp NULL DEFAULT NULL,
  PRIMARY KEY (`id`),
  KEY `badaso_permissions_key_index` (`key`)
) ENGINE=InnoDB AUTO_INCREMENT=134 DEFAULT CHARSET=utf8mb4 COLLATE=utf8mb4_unicode_ci;

#
# Data for table "badaso_permissions"
#

INSERT INTO `badaso_permissions` VALUES (1,'browse_user_role',NULL,NULL,0,0,NULL,NULL,'2024-01-09 12:22:45','2024-01-09 12:22:45'),(2,'add_or_edit_user_role',NULL,NULL,0,0,NULL,NULL,'2024-01-09 12:22:45','2024-01-09 12:22:45'),(3,'browse_role_permission',NULL,NULL,0,0,NULL,NULL,'2024-01-09 12:22:45','2024-01-09 12:22:45'),(4,'add_or_edit_role_permission',NULL,NULL,0,0,NULL,NULL,'2024-01-09 12:22:45','2024-01-09 12:22:45'),(5,'browse_crud_data',NULL,NULL,0,0,NULL,NULL,'2024-01-09 12:22:45','2024-01-09 12:22:45'),(6,'read_crud_data',NULL,NULL,1,0,NULL,NULL,'2024-01-09 12:22:45','2024-01-09 12:22:45'),(7,'edit_crud_data',NULL,NULL,0,0,NULL,NULL,'2024-01-09 12:22:45','2024-01-09 12:22:45'),(8,'add_crud_data',NULL,NULL,0,0,NULL,NULL,'2024-01-09 12:22:45','2024-01-09 12:22:45'),(9,'delete_crud_data',NULL,NULL,0,0,NULL,NULL,'2024-01-09 12:22:45','2024-01-09 12:22:45'),(10,'browse_activitylogs',NULL,NULL,0,0,NULL,NULL,'2024-01-09 12:22:45','2024-01-09 12:22:45'),(11,'read_activitylogs',NULL,NULL,0,0,NULL,NULL,'2024-01-09 12:22:45','2024-01-09 12:22:45'),(12,'browse_file_manager',NULL,NULL,0,0,NULL,NULL,'2024-01-09 12:22:45','2024-01-09 12:22:45'),(13,'read_file_manager',NULL,NULL,0,0,NULL,NULL,'2024-01-09 12:22:45','2024-01-09 12:22:45'),(14,'browse_logviewer',NULL,NULL,0,0,NULL,NULL,'2024-01-09 12:22:45','2024-01-09 12:22:45'),(15,'rollback_database',NULL,NULL,0,0,NULL,NULL,'2024-01-09 12:22:45','2024-01-09 12:22:45'),(16,'migrate_database',NULL,NULL,0,0,NULL,NULL,'2024-01-09 12:22:45','2024-01-09 12:22:45'),(17,'browse_migration',NULL,NULL,0,0,NULL,NULL,'2024-01-09 12:22:45','2024-01-09 12:22:45'),(18,'delete_migration',NULL,NULL,0,0,NULL,NULL,'2024-01-09 12:22:45','2024-01-09 12:22:45'),(19,'browse_apidocs',NULL,NULL,0,0,NULL,NULL,'2024-01-09 12:22:45','2024-01-09 12:22:45'),(20,'upload_file',NULL,NULL,0,0,NULL,NULL,'2024-01-09 12:22:45','2024-01-09 12:22:45'),(21,'browse_menus','Browse menus','menus',0,0,'[\"administrator\"]','user_id','2024-01-09 12:22:45','2024-01-09 12:22:45'),(22,'read_menus','Read menus','menus',0,0,'[\"administrator\"]','user_id','2024-01-09 12:22:45','2024-01-09 12:22:45'),(23,'edit_menus','Edit menus','menus',0,0,'[\"administrator\"]','user_id','2024-01-09 12:22:45','2024-01-09 12:22:45'),(24,'add_menus','Add menus','menus',0,0,'[\"administrator\"]','user_id','2024-01-09 12:22:45','2024-01-09 12:22:45'),(25,'delete_menus','Delete menus','menus',0,0,'[\"administrator\"]','user_id','2024-01-09 12:22:45','2024-01-09 12:22:45'),(26,'browse_menu_items','Browse menu_items','menu_items',0,0,'[\"administrator\"]','user_id','2024-01-09 12:22:46','2024-01-09 12:22:46'),(27,'read_menu_items','Read menu_items','menu_items',0,0,'[\"administrator\"]','user_id','2024-01-09 12:22:46','2024-01-09 12:22:46'),(28,'edit_menu_items','Edit menu_items','menu_items',0,0,'[\"administrator\"]','user_id','2024-01-09 12:22:46','2024-01-09 12:22:46'),(29,'add_menu_items','Add menu_items','menu_items',0,0,'[\"administrator\"]','user_id','2024-01-09 12:22:46','2024-01-09 12:22:46'),(30,'delete_menu_items','Delete menu_items','menu_items',0,0,'[\"administrator\"]','user_id','2024-01-09 12:22:46','2024-01-09 12:22:46'),(31,'browse_permissions','Browse permissions','permissions',0,0,'[\"administrator\"]','user_id','2024-01-09 12:22:46','2024-01-09 12:22:46'),(32,'read_permissions','Read permissions','permissions',0,0,'[\"administrator\"]','user_id','2024-01-09 12:22:46','2024-01-09 12:22:46'),(33,'edit_permissions','Edit permissions','permissions',0,0,'[\"administrator\"]','user_id','2024-01-09 12:22:46','2024-01-09 12:22:46'),(34,'add_permissions','Add permissions','permissions',0,0,'[\"administrator\"]','user_id','2024-01-09 12:22:46','2024-01-09 12:22:46'),(35,'delete_permissions','Delete permissions','permissions',0,0,'[\"administrator\"]','user_id','2024-01-09 12:22:46','2024-01-09 12:22:46'),(36,'browse_roles','Browse roles','roles',0,0,'[\"administrator\"]','user_id','2024-01-09 12:22:46','2024-01-09 12:22:46'),(37,'read_roles','Read roles','roles',0,0,'[\"administrator\"]','user_id','2024-01-09 12:22:46','2024-01-09 12:22:46'),(38,'edit_roles','Edit roles','roles',0,0,'[\"administrator\"]','user_id','2024-01-09 12:22:46','2024-01-09 12:22:46'),(39,'add_roles','Add roles','roles',0,0,'[\"administrator\"]','user_id','2024-01-09 12:22:46','2024-01-09 12:22:46'),(40,'delete_roles','Delete roles','roles',0,0,'[\"administrator\"]','user_id','2024-01-09 12:22:46','2024-01-09 12:22:46'),(41,'browse_users','Browse users','users',0,0,'[\"administrator\"]','user_id','2024-01-09 12:22:46','2024-01-09 12:22:46'),(42,'read_users','Read users','users',0,0,'[\"administrator\"]','user_id','2024-01-09 12:22:46','2024-01-09 12:22:46'),(43,'edit_users','Edit users','users',0,0,'[\"administrator\"]','user_id','2024-01-09 12:22:46','2024-01-09 12:22:46'),(44,'add_users','Add users','users',0,0,'[\"administrator\"]','user_id','2024-01-09 12:22:46','2024-01-09 12:22:46'),(45,'delete_users','Delete users','users',0,0,'[\"administrator\"]','user_id','2024-01-09 12:22:46','2024-01-09 12:22:46'),(46,'browse_configurations','Browse configurations','configurations',0,0,'[\"administrator\"]','user_id','2024-01-09 12:22:46','2024-01-09 12:22:46'),(47,'read_configurations','Read configurations','configurations',0,0,'[\"administrator\"]','user_id','2024-01-09 12:22:46','2024-01-09 12:22:46'),(48,'edit_configurations','Edit configurations','configurations',0,0,'[\"administrator\"]','user_id','2024-01-09 12:22:46','2024-01-09 12:22:46'),(49,'add_configurations','Add configurations','configurations',0,0,'[\"administrator\"]','user_id','2024-01-09 12:22:46','2024-01-09 12:22:46'),(50,'delete_configurations','Delete configurations','configurations',0,0,'[\"administrator\"]','user_id','2024-01-09 12:22:47','2024-01-09 12:22:47'),(51,'browse_database','Browse database','database',0,0,'[\"administrator\"]','user_id','2024-01-09 12:22:47','2024-01-09 12:22:47'),(52,'read_database','Read database','database',0,0,'[\"administrator\"]','user_id','2024-01-09 12:22:47','2024-01-09 12:22:47'),(53,'edit_database','Edit database','database',0,0,'[\"administrator\"]','user_id','2024-01-09 12:22:47','2024-01-09 12:22:47'),(54,'add_database','Add database','database',0,0,'[\"administrator\"]','user_id','2024-01-09 12:22:47','2024-01-09 12:22:47'),(55,'delete_database','Delete database','database',0,0,'[\"administrator\"]','user_id','2024-01-09 12:22:47','2024-01-09 12:22:47'),(56,'browse_branches','Browse branches','branches',0,0,'[\"administrator\"]','user_id','2024-01-10 01:25:02','2024-01-10 01:25:02'),(57,'read_branches','Read branches','branches',0,0,'[\"administrator\"]','user_id','2024-01-10 01:25:02','2024-01-10 01:25:02'),(58,'edit_branches','Edit branches','branches',0,0,'[\"administrator\"]','user_id','2024-01-10 01:25:02','2024-01-10 01:25:02'),(59,'add_branches','Add branches','branches',0,0,'[\"administrator\"]','user_id','2024-01-10 01:25:02','2024-01-10 01:25:02'),(60,'delete_branches','Delete branches','branches',0,0,'[\"administrator\"]','user_id','2024-01-10 01:25:02','2024-01-10 01:25:02'),(61,'maintenance_branches','Maintenance branches','branches',0,0,'[\"administrator\"]','user_id','2024-01-10 01:25:02','2024-01-10 01:25:02'),(62,'browse_cars','Browse cars','cars',0,0,'[\"administrator\"]','user_id','2024-01-10 01:27:45','2024-01-10 01:27:45'),(63,'read_cars','Read cars','cars',0,0,'[\"administrator\"]','user_id','2024-01-10 01:27:45','2024-01-10 01:27:45'),(64,'edit_cars','Edit cars','cars',0,0,'[\"administrator\"]','user_id','2024-01-10 01:27:45','2024-01-10 01:27:45'),(65,'add_cars','Add cars','cars',0,0,'[\"administrator\"]','user_id','2024-01-10 01:27:45','2024-01-10 01:27:45'),(66,'delete_cars','Delete cars','cars',0,0,'[\"administrator\"]','user_id','2024-01-10 01:27:45','2024-01-10 01:27:45'),(67,'maintenance_cars','Maintenance cars','cars',0,0,'[\"administrator\"]','user_id','2024-01-10 01:27:45','2024-01-10 01:27:45'),(68,'browse_employees','Browse employees','employees',0,0,'[\"administrator\"]','user_id','2024-01-10 01:35:47','2024-01-10 01:35:47'),(69,'read_employees','Read employees','employees',0,0,'[\"administrator\"]','user_id','2024-01-10 01:35:47','2024-01-10 01:35:47'),(70,'edit_employees','Edit employees','employees',0,0,'[\"administrator\"]','user_id','2024-01-10 01:35:47','2024-01-10 01:35:47'),(71,'add_employees','Add employees','employees',0,0,'[\"administrator\"]','user_id','2024-01-10 01:35:47','2024-01-10 01:35:47'),(72,'delete_employees','Delete employees','employees',0,0,'[\"administrator\"]','user_id','2024-01-10 01:35:47','2024-01-10 01:35:47'),(73,'maintenance_employees','Maintenance employees','employees',0,0,'[\"administrator\"]','user_id','2024-01-10 01:35:47','2024-01-10 01:35:47'),(74,'browse_rentals','Browse rentals','rentals',0,0,'[\"administrator\"]','user_id','2024-01-10 03:11:45','2024-01-10 03:11:45'),(75,'read_rentals','Read rentals','rentals',0,0,'[\"administrator\"]','user_id','2024-01-10 03:11:45','2024-01-10 03:11:45'),(76,'edit_rentals','Edit rentals','rentals',0,0,'[\"administrator\"]','user_id','2024-01-10 03:11:45','2024-01-10 03:11:45'),(77,'add_rentals','Add rentals','rentals',0,0,'[\"administrator\"]','user_id','2024-01-10 03:11:45','2024-01-10 03:11:45'),(78,'delete_rentals','Delete rentals','rentals',0,0,'[\"administrator\"]','user_id','2024-01-10 03:11:45','2024-01-10 03:11:45'),(79,'maintenance_rentals','Maintenance rentals','rentals',0,0,'[\"administrator\"]','user_id','2024-01-10 03:11:45','2024-01-10 03:11:45'),(80,'browse_payments','Browse payments','payments',0,0,'[\"administrator\"]','user_id','2024-01-10 03:19:19','2024-01-10 03:19:19'),(81,'read_payments','Read payments','payments',0,0,'[\"administrator\"]','user_id','2024-01-10 03:19:19','2024-01-10 03:19:19'),(82,'edit_payments','Edit payments','payments',0,0,'[\"administrator\"]','user_id','2024-01-10 03:19:19','2024-01-10 03:19:19'),(83,'add_payments','Add payments','payments',0,0,'[\"administrator\"]','user_id','2024-01-10 03:19:19','2024-01-10 03:19:19'),(84,'delete_payments','Delete payments','payments',0,0,'[\"administrator\"]','user_id','2024-01-10 03:19:19','2024-01-10 03:19:19'),(85,'maintenance_payments','Maintenance payments','payments',0,0,'[\"administrator\"]','user_id','2024-01-10 03:19:19','2024-01-10 03:19:19'),(92,'browse_cinema_studios','Browse cinema_studios','cinema_studios',0,0,'[\"administrator\"]','user_id','2024-01-10 14:11:23','2024-01-10 14:11:23'),(93,'read_cinema_studios','Read cinema_studios','cinema_studios',0,0,'[\"administrator\"]','user_id','2024-01-10 14:11:23','2024-01-10 14:11:23'),(94,'edit_cinema_studios','Edit cinema_studios','cinema_studios',0,0,'[\"administrator\"]','user_id','2024-01-10 14:11:23','2024-01-10 14:11:23'),(95,'add_cinema_studios','Add cinema_studios','cinema_studios',0,0,'[\"administrator\"]','user_id','2024-01-10 14:11:23','2024-01-10 14:11:23'),(96,'delete_cinema_studios','Delete cinema_studios','cinema_studios',0,0,'[\"administrator\"]','user_id','2024-01-10 14:11:23','2024-01-10 14:11:23'),(97,'maintenance_cinema_studios','Maintenance cinema_studios','cinema_studios',0,0,'[\"administrator\"]','user_id','2024-01-10 14:11:23','2024-01-10 14:11:23'),(98,'browse_cinema_shows','Browse cinema_shows','cinema_shows',0,0,'[\"administrator\"]','user_id','2024-01-10 14:15:45','2024-01-10 14:15:45'),(99,'read_cinema_shows','Read cinema_shows','cinema_shows',0,0,'[\"administrator\"]','user_id','2024-01-10 14:15:45','2024-01-10 14:15:45'),(100,'edit_cinema_shows','Edit cinema_shows','cinema_shows',0,0,'[\"administrator\"]','user_id','2024-01-10 14:15:45','2024-01-10 14:15:45'),(101,'add_cinema_shows','Add cinema_shows','cinema_shows',0,0,'[\"administrator\"]','user_id','2024-01-10 14:15:45','2024-01-10 14:15:45'),(102,'delete_cinema_shows','Delete cinema_shows','cinema_shows',0,0,'[\"administrator\"]','user_id','2024-01-10 14:15:45','2024-01-10 14:15:45'),(103,'maintenance_cinema_shows','Maintenance cinema_shows','cinema_shows',0,0,'[\"administrator\"]','user_id','2024-01-10 14:15:45','2024-01-10 14:15:45'),(104,'browse_cinema_seats','Browse cinema_seats','cinema_seats',0,0,'[\"administrator\"]','user_id','2024-01-10 14:21:15','2024-01-10 14:21:15'),(105,'read_cinema_seats','Read cinema_seats','cinema_seats',0,0,'[\"administrator\"]','user_id','2024-01-10 14:21:15','2024-01-10 14:21:15'),(106,'edit_cinema_seats','Edit cinema_seats','cinema_seats',0,0,'[\"administrator\"]','user_id','2024-01-10 14:21:15','2024-01-10 14:21:15'),(107,'add_cinema_seats','Add cinema_seats','cinema_seats',0,0,'[\"administrator\"]','user_id','2024-01-10 14:21:15','2024-01-10 14:21:15'),(108,'delete_cinema_seats','Delete cinema_seats','cinema_seats',0,0,'[\"administrator\"]','user_id','2024-01-10 14:21:15','2024-01-10 14:21:15'),(109,'maintenance_cinema_seats','Maintenance cinema_seats','cinema_seats',0,0,'[\"administrator\"]','user_id','2024-01-10 14:21:15','2024-01-10 14:21:15'),(110,'browse_cinema_tickets','Browse cinema_tickets','cinema_tickets',0,0,'[\"administrator\"]','user_id','2024-01-10 14:24:19','2024-01-10 14:24:19'),(111,'read_cinema_tickets','Read cinema_tickets','cinema_tickets',0,0,'[\"administrator\"]','user_id','2024-01-10 14:24:19','2024-01-10 14:24:19'),(112,'edit_cinema_tickets','Edit cinema_tickets','cinema_tickets',0,0,'[\"administrator\"]','user_id','2024-01-10 14:24:19','2024-01-10 14:24:19'),(113,'add_cinema_tickets','Add cinema_tickets','cinema_tickets',0,0,'[\"administrator\"]','user_id','2024-01-10 14:24:19','2024-01-10 14:24:19'),(114,'delete_cinema_tickets','Delete cinema_tickets','cinema_tickets',0,0,'[\"administrator\"]','user_id','2024-01-10 14:24:19','2024-01-10 14:24:19'),(115,'maintenance_cinema_tickets','Maintenance cinema_tickets','cinema_tickets',0,0,'[\"administrator\"]','user_id','2024-01-10 14:24:19','2024-01-10 14:24:19'),(116,'browse_cinema_payments','Browse cinema_payments','cinema_payments',0,0,'[\"administrator\"]','user_id','2024-01-10 14:35:59','2024-01-10 14:35:59'),(117,'read_cinema_payments','Read cinema_payments','cinema_payments',0,0,'[\"administrator\"]','user_id','2024-01-10 14:35:59','2024-01-10 14:35:59'),(118,'edit_cinema_payments','Edit cinema_payments','cinema_payments',0,0,'[\"administrator\"]','user_id','2024-01-10 14:35:59','2024-01-10 14:35:59'),(119,'add_cinema_payments','Add cinema_payments','cinema_payments',0,0,'[\"administrator\"]','user_id','2024-01-10 14:35:59','2024-01-10 14:35:59'),(120,'delete_cinema_payments','Delete cinema_payments','cinema_payments',0,0,'[\"administrator\"]','user_id','2024-01-10 14:35:59','2024-01-10 14:35:59'),(121,'maintenance_cinema_payments','Maintenance cinema_payments','cinema_payments',0,0,'[\"administrator\"]','user_id','2024-01-10 14:35:59','2024-01-10 14:35:59'),(122,'browse_cinema_genres','Browse cinema_genres','cinema_genres',0,0,'[\"administrator\"]','user_id','2024-01-10 14:36:31','2024-01-10 14:36:31'),(123,'read_cinema_genres','Read cinema_genres','cinema_genres',0,0,'[\"administrator\"]','user_id','2024-01-10 14:36:31','2024-01-10 14:36:31'),(124,'edit_cinema_genres','Edit cinema_genres','cinema_genres',0,0,'[\"administrator\"]','user_id','2024-01-10 14:36:31','2024-01-10 14:36:31'),(125,'add_cinema_genres','Add cinema_genres','cinema_genres',0,0,'[\"administrator\"]','user_id','2024-01-10 14:36:31','2024-01-10 14:36:31'),(126,'delete_cinema_genres','Delete cinema_genres','cinema_genres',0,0,'[\"administrator\"]','user_id','2024-01-10 14:36:31','2024-01-10 14:36:31'),(127,'maintenance_cinema_genres','Maintenance cinema_genres','cinema_genres',0,0,'[\"administrator\"]','user_id','2024-01-10 14:36:31','2024-01-10 14:36:31'),(128,'browse_cinema_movies','Browse cinema_movies','cinema_movies',0,0,'[\"administrator\"]','user_id','2024-01-10 14:53:24','2024-01-10 14:53:24'),(129,'read_cinema_movies','Read cinema_movies','cinema_movies',0,0,'[\"administrator\"]','user_id','2024-01-10 14:53:24','2024-01-10 14:53:24'),(130,'edit_cinema_movies','Edit cinema_movies','cinema_movies',0,0,'[\"administrator\"]','user_id','2024-01-10 14:53:24','2024-01-10 14:53:24'),(131,'add_cinema_movies','Add cinema_movies','cinema_movies',0,0,'[\"administrator\"]','user_id','2024-01-10 14:53:24','2024-01-10 14:53:24'),(132,'delete_cinema_movies','Delete cinema_movies','cinema_movies',0,0,'[\"administrator\"]','user_id','2024-01-10 14:53:24','2024-01-10 14:53:24'),(133,'maintenance_cinema_movies','Maintenance cinema_movies','cinema_movies',0,0,'[\"administrator\"]','user_id','2024-01-10 14:53:24','2024-01-10 14:53:24');

#
# Structure for table "badaso_roles"
#

CREATE TABLE `badaso_roles` (
  `id` bigint(20) unsigned NOT NULL AUTO_INCREMENT,
  `name` varchar(255) COLLATE utf8mb4_unicode_ci NOT NULL,
  `display_name` varchar(255) COLLATE utf8mb4_unicode_ci NOT NULL,
  `description` varchar(255) COLLATE utf8mb4_unicode_ci DEFAULT NULL,
  `created_at` timestamp NULL DEFAULT NULL,
  `updated_at` timestamp NULL DEFAULT NULL,
  PRIMARY KEY (`id`),
  UNIQUE KEY `badaso_roles_name_unique` (`name`)
) ENGINE=InnoDB AUTO_INCREMENT=4 DEFAULT CHARSET=utf8mb4 COLLATE=utf8mb4_unicode_ci;

#
# Data for table "badaso_roles"
#

INSERT INTO `badaso_roles` VALUES (1,'administrator','Administrator',NULL,'2024-01-09 12:12:28','2024-01-09 12:12:28'),(2,'customer','Customer',NULL,'2024-01-09 12:22:45','2024-01-09 12:22:45'),(3,'admin_rental_transportasi','Admin Rental Transportasi',NULL,'2024-01-10 07:45:50','2024-01-10 07:45:50');

#
# Structure for table "badaso_role_permissions"
#

CREATE TABLE `badaso_role_permissions` (
  `id` bigint(20) unsigned NOT NULL AUTO_INCREMENT,
  `role_id` bigint(20) unsigned NOT NULL,
  `permission_id` bigint(20) unsigned NOT NULL,
  `created_at` timestamp NULL DEFAULT NULL,
  `updated_at` timestamp NULL DEFAULT NULL,
  PRIMARY KEY (`id`),
  KEY `badaso_role_permissions_role_id_foreign` (`role_id`),
  KEY `badaso_role_permissions_permission_id_foreign` (`permission_id`),
  CONSTRAINT `badaso_role_permissions_permission_id_foreign` FOREIGN KEY (`permission_id`) REFERENCES `badaso_permissions` (`id`) ON DELETE CASCADE,
  CONSTRAINT `badaso_role_permissions_role_id_foreign` FOREIGN KEY (`role_id`) REFERENCES `badaso_roles` (`id`) ON DELETE CASCADE
) ENGINE=InnoDB AUTO_INCREMENT=134 DEFAULT CHARSET=utf8mb4 COLLATE=utf8mb4_unicode_ci;

#
# Data for table "badaso_role_permissions"
#

INSERT INTO `badaso_role_permissions` VALUES (1,1,21,'2024-01-09 12:22:45','2024-01-09 12:22:45'),(2,1,22,'2024-01-09 12:22:45','2024-01-09 12:22:45'),(3,1,23,'2024-01-09 12:22:45','2024-01-09 12:22:45'),(4,1,24,'2024-01-09 12:22:46','2024-01-09 12:22:46'),(5,1,25,'2024-01-09 12:22:46','2024-01-09 12:22:46'),(6,1,26,'2024-01-09 12:22:46','2024-01-09 12:22:46'),(7,1,27,'2024-01-09 12:22:46','2024-01-09 12:22:46'),(8,1,28,'2024-01-09 12:22:46','2024-01-09 12:22:46'),(9,1,29,'2024-01-09 12:22:46','2024-01-09 12:22:46'),(10,1,30,'2024-01-09 12:22:46','2024-01-09 12:22:46'),(11,1,31,'2024-01-09 12:22:46','2024-01-09 12:22:46'),(12,1,32,'2024-01-09 12:22:46','2024-01-09 12:22:46'),(13,1,33,'2024-01-09 12:22:46','2024-01-09 12:22:46'),(14,1,34,'2024-01-09 12:22:46','2024-01-09 12:22:46'),(15,1,35,'2024-01-09 12:22:46','2024-01-09 12:22:46'),(16,1,36,'2024-01-09 12:22:46','2024-01-09 12:22:46'),(17,1,37,'2024-01-09 12:22:46','2024-01-09 12:22:46'),(18,1,38,'2024-01-09 12:22:46','2024-01-09 12:22:46'),(19,1,39,'2024-01-09 12:22:46','2024-01-09 12:22:46'),(20,1,40,'2024-01-09 12:22:46','2024-01-09 12:22:46'),(21,1,41,'2024-01-09 12:22:46','2024-01-09 12:22:46'),(22,1,42,'2024-01-09 12:22:46','2024-01-09 12:22:46'),(23,1,43,'2024-01-09 12:22:46','2024-01-09 12:22:46'),(24,1,44,'2024-01-09 12:22:46','2024-01-09 12:22:46'),(25,1,45,'2024-01-09 12:22:46','2024-01-09 12:22:46'),(26,1,46,'2024-01-09 12:22:47','2024-01-09 12:22:47'),(27,1,47,'2024-01-09 12:22:47','2024-01-09 12:22:47'),(28,1,48,'2024-01-09 12:22:47','2024-01-09 12:22:47'),(29,1,49,'2024-01-09 12:22:47','2024-01-09 12:22:47'),(30,1,50,'2024-01-09 12:22:47','2024-01-09 12:22:47'),(31,1,51,'2024-01-09 12:22:47','2024-01-09 12:22:47'),(32,1,52,'2024-01-09 12:22:47','2024-01-09 12:22:47'),(33,1,53,'2024-01-09 12:22:47','2024-01-09 12:22:47'),(34,1,54,'2024-01-09 12:22:47','2024-01-09 12:22:47'),(35,1,55,'2024-01-09 12:22:47','2024-01-09 12:22:47'),(36,1,1,'2024-01-09 12:22:47','2024-01-09 12:22:47'),(37,1,2,'2024-01-09 12:22:47','2024-01-09 12:22:47'),(38,1,3,'2024-01-09 12:22:47','2024-01-09 12:22:47'),(39,1,4,'2024-01-09 12:22:47','2024-01-09 12:22:47'),(40,1,5,'2024-01-09 12:22:47','2024-01-09 12:22:47'),(41,1,6,'2024-01-09 12:22:47','2024-01-09 12:22:47'),(42,1,7,'2024-01-09 12:22:47','2024-01-09 12:22:47'),(43,1,8,'2024-01-09 12:22:47','2024-01-09 12:22:47'),(44,1,9,'2024-01-09 12:22:47','2024-01-09 12:22:47'),(45,1,10,'2024-01-09 12:22:47','2024-01-09 12:22:47'),(46,1,11,'2024-01-09 12:22:47','2024-01-09 12:22:47'),(47,1,12,'2024-01-09 12:22:47','2024-01-09 12:22:47'),(48,1,13,'2024-01-09 12:22:47','2024-01-09 12:22:47'),(49,1,14,'2024-01-09 12:22:47','2024-01-09 12:22:47'),(50,1,15,'2024-01-09 12:22:47','2024-01-09 12:22:47'),(51,1,16,'2024-01-09 12:22:47','2024-01-09 12:22:47'),(52,1,17,'2024-01-09 12:22:47','2024-01-09 12:22:47'),(53,1,18,'2024-01-09 12:22:47','2024-01-09 12:22:47'),(54,1,19,'2024-01-09 12:22:47','2024-01-09 12:22:47'),(55,1,20,'2024-01-09 12:22:47','2024-01-09 12:22:47'),(56,1,56,'2024-01-10 01:25:02','2024-01-10 01:25:02'),(57,1,57,'2024-01-10 01:25:02','2024-01-10 01:25:02'),(58,1,58,'2024-01-10 01:25:02','2024-01-10 01:25:02'),(59,1,59,'2024-01-10 01:25:02','2024-01-10 01:25:02'),(60,1,60,'2024-01-10 01:25:02','2024-01-10 01:25:02'),(61,1,61,'2024-01-10 01:25:02','2024-01-10 01:25:02'),(62,1,62,'2024-01-10 01:27:45','2024-01-10 01:27:45'),(63,1,63,'2024-01-10 01:27:45','2024-01-10 01:27:45'),(64,1,64,'2024-01-10 01:27:45','2024-01-10 01:27:45'),(65,1,65,'2024-01-10 01:27:45','2024-01-10 01:27:45'),(66,1,66,'2024-01-10 01:27:45','2024-01-10 01:27:45'),(67,1,67,'2024-01-10 01:27:45','2024-01-10 01:27:45'),(68,1,68,'2024-01-10 01:35:47','2024-01-10 01:35:47'),(69,1,69,'2024-01-10 01:35:47','2024-01-10 01:35:47'),(70,1,70,'2024-01-10 01:35:47','2024-01-10 01:35:47'),(71,1,71,'2024-01-10 01:35:47','2024-01-10 01:35:47'),(72,1,72,'2024-01-10 01:35:47','2024-01-10 01:35:47'),(73,1,73,'2024-01-10 01:35:47','2024-01-10 01:35:47'),(74,1,74,'2024-01-10 03:11:45','2024-01-10 03:11:45'),(75,1,75,'2024-01-10 03:11:45','2024-01-10 03:11:45'),(76,1,76,'2024-01-10 03:11:45','2024-01-10 03:11:45'),(77,1,77,'2024-01-10 03:11:45','2024-01-10 03:11:45'),(78,1,78,'2024-01-10 03:11:45','2024-01-10 03:11:45'),(79,1,79,'2024-01-10 03:11:45','2024-01-10 03:11:45'),(80,1,80,'2024-01-10 03:19:19','2024-01-10 03:19:19'),(81,1,81,'2024-01-10 03:19:19','2024-01-10 03:19:19'),(82,1,82,'2024-01-10 03:19:19','2024-01-10 03:19:19'),(83,1,83,'2024-01-10 03:19:19','2024-01-10 03:19:19'),(84,1,84,'2024-01-10 03:19:19','2024-01-10 03:19:19'),(85,1,85,'2024-01-10 03:19:19','2024-01-10 03:19:19'),(92,1,92,'2024-01-10 14:11:23','2024-01-10 14:11:23'),(93,1,93,'2024-01-10 14:11:24','2024-01-10 14:11:24'),(94,1,94,'2024-01-10 14:11:24','2024-01-10 14:11:24'),(95,1,95,'2024-01-10 14:11:24','2024-01-10 14:11:24'),(96,1,96,'2024-01-10 14:11:24','2024-01-10 14:11:24'),(97,1,97,'2024-01-10 14:11:24','2024-01-10 14:11:24'),(98,1,98,'2024-01-10 14:15:45','2024-01-10 14:15:45'),(99,1,99,'2024-01-10 14:15:45','2024-01-10 14:15:45'),(100,1,100,'2024-01-10 14:15:45','2024-01-10 14:15:45'),(101,1,101,'2024-01-10 14:15:45','2024-01-10 14:15:45'),(102,1,102,'2024-01-10 14:15:45','2024-01-10 14:15:45'),(103,1,103,'2024-01-10 14:15:45','2024-01-10 14:15:45'),(104,1,104,'2024-01-10 14:21:15','2024-01-10 14:21:15'),(105,1,105,'2024-01-10 14:21:15','2024-01-10 14:21:15'),(106,1,106,'2024-01-10 14:21:15','2024-01-10 14:21:15'),(107,1,107,'2024-01-10 14:21:15','2024-01-10 14:21:15'),(108,1,108,'2024-01-10 14:21:15','2024-01-10 14:21:15'),(109,1,109,'2024-01-10 14:21:15','2024-01-10 14:21:15'),(110,1,110,'2024-01-10 14:24:19','2024-01-10 14:24:19'),(111,1,111,'2024-01-10 14:24:19','2024-01-10 14:24:19'),(112,1,112,'2024-01-10 14:24:19','2024-01-10 14:24:19'),(113,1,113,'2024-01-10 14:24:19','2024-01-10 14:24:19'),(114,1,114,'2024-01-10 14:24:19','2024-01-10 14:24:19'),(115,1,115,'2024-01-10 14:24:19','2024-01-10 14:24:19'),(116,1,116,'2024-01-10 14:35:59','2024-01-10 14:35:59'),(117,1,117,'2024-01-10 14:35:59','2024-01-10 14:35:59'),(118,1,118,'2024-01-10 14:35:59','2024-01-10 14:35:59'),(119,1,119,'2024-01-10 14:35:59','2024-01-10 14:35:59'),(120,1,120,'2024-01-10 14:35:59','2024-01-10 14:35:59'),(121,1,121,'2024-01-10 14:35:59','2024-01-10 14:35:59'),(122,1,122,'2024-01-10 14:36:31','2024-01-10 14:36:31'),(123,1,123,'2024-01-10 14:36:31','2024-01-10 14:36:31'),(124,1,124,'2024-01-10 14:36:31','2024-01-10 14:36:31'),(125,1,125,'2024-01-10 14:36:31','2024-01-10 14:36:31'),(126,1,126,'2024-01-10 14:36:31','2024-01-10 14:36:31'),(127,1,127,'2024-01-10 14:36:31','2024-01-10 14:36:31'),(128,1,128,'2024-01-10 14:53:24','2024-01-10 14:53:24'),(129,1,129,'2024-01-10 14:53:24','2024-01-10 14:53:24'),(130,1,130,'2024-01-10 14:53:24','2024-01-10 14:53:24'),(131,1,131,'2024-01-10 14:53:24','2024-01-10 14:53:24'),(132,1,132,'2024-01-10 14:53:24','2024-01-10 14:53:24'),(133,1,133,'2024-01-10 14:53:24','2024-01-10 14:53:24');

#
# Structure for table "badaso_user_verifications"
#

CREATE TABLE `badaso_user_verifications` (
  `id` bigint(20) unsigned NOT NULL AUTO_INCREMENT,
  `user_id` bigint(20) unsigned DEFAULT NULL,
  `verification_token` varchar(255) COLLATE utf8mb4_unicode_ci DEFAULT NULL,
  `expired_at` datetime DEFAULT NULL,
  `count_incorrect` int(11) DEFAULT NULL,
  `created_at` timestamp NULL DEFAULT NULL,
  `updated_at` timestamp NULL DEFAULT NULL,
  PRIMARY KEY (`id`),
  UNIQUE KEY `badaso_user_verifications_verification_token_unique` (`verification_token`)
) ENGINE=InnoDB DEFAULT CHARSET=utf8mb4 COLLATE=utf8mb4_unicode_ci;

#
# Data for table "badaso_user_verifications"
#


#
# Structure for table "badaso_users"
#

CREATE TABLE `badaso_users` (
  `id` bigint(20) unsigned NOT NULL AUTO_INCREMENT,
  `name` varchar(255) COLLATE utf8mb4_unicode_ci NOT NULL,
  `username` varchar(255) COLLATE utf8mb4_unicode_ci DEFAULT NULL,
  `email` varchar(255) COLLATE utf8mb4_unicode_ci NOT NULL,
  `additional_info` text COLLATE utf8mb4_unicode_ci,
  `gender` enum('man','woman') COLLATE utf8mb4_unicode_ci DEFAULT NULL,
  `avatar` varchar(255) COLLATE utf8mb4_unicode_ci DEFAULT 'photos/shares/default-user.png',
  `phone` varchar(20) COLLATE utf8mb4_unicode_ci DEFAULT NULL,
  `address` text COLLATE utf8mb4_unicode_ci,
  `email_verified_at` timestamp NULL DEFAULT NULL,
  `password` varchar(255) COLLATE utf8mb4_unicode_ci NOT NULL,
  `remember_token` varchar(100) COLLATE utf8mb4_unicode_ci DEFAULT NULL,
  `last_sent_token_at` timestamp NULL DEFAULT NULL,
  `created_at` timestamp NULL DEFAULT NULL,
  `updated_at` timestamp NULL DEFAULT NULL,
  PRIMARY KEY (`id`),
  UNIQUE KEY `badaso_users_email_unique` (`email`),
  UNIQUE KEY `badaso_users_username_unique` (`username`)
) ENGINE=InnoDB AUTO_INCREMENT=2 DEFAULT CHARSET=utf8mb4 COLLATE=utf8mb4_unicode_ci;

#
# Data for table "badaso_users"
#

INSERT INTO `badaso_users` VALUES (1,'admin','admin','admin@gmail.com',NULL,NULL,'photos/shares/default-user.png',NULL,NULL,'2024-01-09 12:12:28','$2y$10$B6delLegPxHZ7ip0rQPxWeWN0aQvghinFjL58tn8eR3deewSkgI4O',NULL,NULL,'2024-01-09 12:12:28','2024-01-09 12:12:28');

#
# Structure for table "badaso_user_roles"
#

CREATE TABLE `badaso_user_roles` (
  `id` bigint(20) unsigned NOT NULL AUTO_INCREMENT,
  `user_id` bigint(20) unsigned NOT NULL,
  `role_id` bigint(20) unsigned NOT NULL,
  `created_at` timestamp NULL DEFAULT NULL,
  `updated_at` timestamp NULL DEFAULT NULL,
  PRIMARY KEY (`id`),
  KEY `badaso_user_roles_user_id_foreign` (`user_id`),
  KEY `badaso_user_roles_role_id_foreign` (`role_id`),
  CONSTRAINT `badaso_user_roles_role_id_foreign` FOREIGN KEY (`role_id`) REFERENCES `badaso_roles` (`id`) ON DELETE CASCADE,
  CONSTRAINT `badaso_user_roles_user_id_foreign` FOREIGN KEY (`user_id`) REFERENCES `badaso_users` (`id`) ON DELETE CASCADE
) ENGINE=InnoDB AUTO_INCREMENT=2 DEFAULT CHARSET=utf8mb4 COLLATE=utf8mb4_unicode_ci;

#
# Data for table "badaso_user_roles"
#

INSERT INTO `badaso_user_roles` VALUES (1,1,1,'2024-01-09 12:12:28','2024-01-09 12:12:28');

#
# Structure for table "badaso_notifications"
#

CREATE TABLE `badaso_notifications` (
  `id` bigint(20) unsigned NOT NULL AUTO_INCREMENT,
  `receiver_user_id` bigint(20) unsigned NOT NULL,
  `type` varchar(255) COLLATE utf8mb4_unicode_ci NOT NULL,
  `title` varchar(255) COLLATE utf8mb4_unicode_ci NOT NULL,
  `content` text COLLATE utf8mb4_unicode_ci NOT NULL,
  `is_read` tinyint(1) NOT NULL DEFAULT '0',
  `sender_user_id` bigint(20) unsigned NOT NULL,
  `created_at` timestamp NULL DEFAULT NULL,
  `updated_at` timestamp NULL DEFAULT NULL,
  PRIMARY KEY (`id`),
  KEY `badaso_f_c_m_messages_receiver_user_id_foreign` (`receiver_user_id`),
  KEY `badaso_f_c_m_messages_sender_user_id_foreign` (`sender_user_id`),
  CONSTRAINT `badaso_f_c_m_messages_receiver_user_id_foreign` FOREIGN KEY (`receiver_user_id`) REFERENCES `badaso_users` (`id`) ON DELETE CASCADE,
  CONSTRAINT `badaso_f_c_m_messages_sender_user_id_foreign` FOREIGN KEY (`sender_user_id`) REFERENCES `badaso_users` (`id`)
) ENGINE=InnoDB DEFAULT CHARSET=utf8mb4 COLLATE=utf8mb4_unicode_ci;

#
# Data for table "badaso_notifications"
#


#
# Structure for table "badaso_firebase_cloud_messages"
#

CREATE TABLE `badaso_firebase_cloud_messages` (
  `id` bigint(20) unsigned NOT NULL AUTO_INCREMENT,
  `user_id` bigint(20) unsigned NOT NULL,
  `token_get_message` varchar(255) COLLATE utf8mb4_unicode_ci NOT NULL,
  `created_at` timestamp NULL DEFAULT NULL,
  `updated_at` timestamp NULL DEFAULT NULL,
  PRIMARY KEY (`id`),
  KEY `badaso_firebase_cloud_messages_user_id_foreign` (`user_id`),
  CONSTRAINT `badaso_firebase_cloud_messages_user_id_foreign` FOREIGN KEY (`user_id`) REFERENCES `badaso_users` (`id`) ON DELETE CASCADE
) ENGINE=InnoDB DEFAULT CHARSET=utf8mb4 COLLATE=utf8mb4_unicode_ci;

#
# Data for table "badaso_firebase_cloud_messages"
#


#
# Structure for table "branches"
#

CREATE TABLE `branches` (
  `id` bigint(20) unsigned NOT NULL AUTO_INCREMENT,
  `branch_name` varchar(100) COLLATE utf8mb4_unicode_ci NOT NULL,
  `location` varchar(100) COLLATE utf8mb4_unicode_ci NOT NULL,
  `phone_number` varchar(100) COLLATE utf8mb4_unicode_ci NOT NULL,
  `created_at` timestamp NULL DEFAULT NULL,
  `updated_at` timestamp NULL DEFAULT NULL,
  PRIMARY KEY (`id`)
) ENGINE=InnoDB DEFAULT CHARSET=utf8mb4 COLLATE=utf8mb4_unicode_ci;

#
# Data for table "branches"
#


#
# Structure for table "cars"
#

CREATE TABLE `cars` (
  `id` bigint(20) unsigned NOT NULL AUTO_INCREMENT,
  `branch_id` bigint(20) unsigned NOT NULL,
  `brand` varchar(100) COLLATE utf8mb4_unicode_ci NOT NULL,
  `rental_price` double(100,2) NOT NULL,
  `description` text COLLATE utf8mb4_unicode_ci NOT NULL,
  `image` varchar(100) COLLATE utf8mb4_unicode_ci NOT NULL,
  `is_available` int(11) NOT NULL,
  `is_used` int(11) NOT NULL,
  `created_at` timestamp NULL DEFAULT NULL,
  `updated_at` timestamp NULL DEFAULT NULL,
  PRIMARY KEY (`id`),
  KEY `cars_branch_id_foreign` (`branch_id`),
  CONSTRAINT `cars_branch_id_foreign` FOREIGN KEY (`branch_id`) REFERENCES `branches` (`id`) ON UPDATE NO ACTION
) ENGINE=InnoDB DEFAULT CHARSET=utf8mb4 COLLATE=utf8mb4_unicode_ci;

#
# Data for table "cars"
#


#
# Structure for table "cinema_genres"
#

CREATE TABLE `cinema_genres` (
  `id` bigint(20) unsigned NOT NULL AUTO_INCREMENT,
  `genre` varchar(100) COLLATE utf8mb4_unicode_ci NOT NULL,
  `created_at` timestamp NULL DEFAULT NULL,
  `updated_at` timestamp NULL DEFAULT NULL,
  PRIMARY KEY (`id`)
) ENGINE=InnoDB AUTO_INCREMENT=3 DEFAULT CHARSET=utf8mb4 COLLATE=utf8mb4_unicode_ci;

#
# Data for table "cinema_genres"
#

INSERT INTO `cinema_genres` VALUES (1,'horror','2024-01-10 14:38:10','2024-01-10 14:38:10'),(2,'action','2024-01-10 14:38:20','2024-01-10 14:38:20');

#
# Structure for table "cinema_movies"
#

CREATE TABLE `cinema_movies` (
  `id` bigint(20) unsigned NOT NULL AUTO_INCREMENT,
  `title` varchar(100) COLLATE utf8mb4_unicode_ci NOT NULL,
  `genre_id` bigint(20) unsigned NOT NULL,
  `duration` time NOT NULL,
  `release_date` date NOT NULL,
  `created_at` timestamp NULL DEFAULT NULL,
  `updated_at` timestamp NULL DEFAULT NULL,
  PRIMARY KEY (`id`),
  KEY `cinema_movies_genre_id_foreign` (`genre_id`),
  CONSTRAINT `cinema_movies_genre_id_foreign` FOREIGN KEY (`genre_id`) REFERENCES `cinema_genres` (`id`)
) ENGINE=InnoDB AUTO_INCREMENT=8 DEFAULT CHARSET=utf8mb4 COLLATE=utf8mb4_unicode_ci;

#
# Data for table "cinema_movies"
#

INSERT INTO `cinema_movies` VALUES (7,'silent hill',1,'21:53:00','2024-01-10','2024-01-10 14:54:05','2024-01-10 14:54:05');

#
# Structure for table "cinema_studios"
#

CREATE TABLE `cinema_studios` (
  `id` bigint(20) unsigned NOT NULL AUTO_INCREMENT,
  `studio` varchar(100) COLLATE utf8mb4_unicode_ci NOT NULL,
  `created_at` timestamp NULL DEFAULT NULL,
  `updated_at` timestamp NULL DEFAULT NULL,
  PRIMARY KEY (`id`)
) ENGINE=InnoDB AUTO_INCREMENT=2 DEFAULT CHARSET=utf8mb4 COLLATE=utf8mb4_unicode_ci;

#
# Data for table "cinema_studios"
#

INSERT INTO `cinema_studios` VALUES (1,'studio 1','2024-01-10 14:54:31','2024-01-10 14:54:31');

#
# Structure for table "cinema_shows"
#

CREATE TABLE `cinema_shows` (
  `id` bigint(20) unsigned NOT NULL AUTO_INCREMENT,
  `movie_id` bigint(20) unsigned NOT NULL,
  `studio_id` bigint(20) unsigned NOT NULL,
  `showtime` datetime NOT NULL,
  `created_at` timestamp NULL DEFAULT NULL,
  `updated_at` timestamp NULL DEFAULT NULL,
  PRIMARY KEY (`id`),
  KEY `cinema_shows_movie_id_foreign` (`movie_id`),
  KEY `cinema_shows_studio_id_foreign` (`studio_id`),
  CONSTRAINT `cinema_shows_movie_id_foreign` FOREIGN KEY (`movie_id`) REFERENCES `cinema_movies` (`id`),
  CONSTRAINT `cinema_shows_studio_id_foreign` FOREIGN KEY (`studio_id`) REFERENCES `cinema_studios` (`id`)
) ENGINE=InnoDB AUTO_INCREMENT=2 DEFAULT CHARSET=utf8mb4 COLLATE=utf8mb4_unicode_ci;

#
# Data for table "cinema_shows"
#

INSERT INTO `cinema_shows` VALUES (1,7,1,'2024-01-10 21:54:00','2024-01-10 14:54:55','2024-01-10 14:54:55');

#
# Structure for table "cinema_seats"
#

CREATE TABLE `cinema_seats` (
  `id` bigint(20) unsigned NOT NULL AUTO_INCREMENT,
  `show_id` bigint(20) unsigned NOT NULL,
  `created_at` timestamp NULL DEFAULT NULL,
  `updated_at` timestamp NULL DEFAULT NULL,
  `seat_number` varchar(100) COLLATE utf8mb4_unicode_ci NOT NULL,
  `seat_status` enum('available','not available') COLLATE utf8mb4_unicode_ci NOT NULL,
  PRIMARY KEY (`id`),
  KEY `cinema_seats_show_id_foreign` (`show_id`),
  CONSTRAINT `cinema_seats_show_id_foreign` FOREIGN KEY (`show_id`) REFERENCES `cinema_shows` (`id`)
) ENGINE=InnoDB AUTO_INCREMENT=3 DEFAULT CHARSET=utf8mb4 COLLATE=utf8mb4_unicode_ci;

#
# Data for table "cinema_seats"
#

INSERT INTO `cinema_seats` VALUES (1,1,'2024-01-10 14:55:45','2024-01-10 14:55:45','A-1','available'),(2,1,'2024-01-10 14:56:13','2024-01-10 14:56:13','A-2','not available');

#
# Structure for table "cinema_tickets"
#

CREATE TABLE `cinema_tickets` (
  `id` bigint(20) unsigned NOT NULL AUTO_INCREMENT,
  `seat_id` bigint(20) unsigned NOT NULL,
  `user_id` bigint(20) unsigned NOT NULL,
  `movie_id` bigint(20) unsigned NOT NULL,
  `code_ticket` varchar(100) COLLATE utf8mb4_unicode_ci NOT NULL,
  `purchase_date` datetime NOT NULL,
  `created_at` timestamp NULL DEFAULT NULL,
  `updated_at` timestamp NULL DEFAULT NULL,
  PRIMARY KEY (`id`),
  UNIQUE KEY `code_ticket` (`code_ticket`),
  KEY `cinema_tickets_seat_id_foreign` (`seat_id`),
  KEY `cinema_tickets_user_id_foreign` (`user_id`),
  KEY `cinema_tickets_movie_id_foreign` (`movie_id`),
  CONSTRAINT `cinema_tickets_movie_id_foreign` FOREIGN KEY (`movie_id`) REFERENCES `cinema_movies` (`id`),
  CONSTRAINT `cinema_tickets_seat_id_foreign` FOREIGN KEY (`seat_id`) REFERENCES `cinema_seats` (`id`),
  CONSTRAINT `cinema_tickets_user_id_foreign` FOREIGN KEY (`user_id`) REFERENCES `badaso_users` (`id`)
) ENGINE=InnoDB AUTO_INCREMENT=2 DEFAULT CHARSET=utf8mb4 COLLATE=utf8mb4_unicode_ci;

#
# Data for table "cinema_tickets"
#

INSERT INTO `cinema_tickets` VALUES (1,2,1,7,'5555','2024-01-10 21:59:00','2024-01-10 14:59:59','2024-01-10 14:59:59');

#
# Structure for table "cinema_payments"
#

CREATE TABLE `cinema_payments` (
  `id` bigint(20) unsigned NOT NULL AUTO_INCREMENT,
  `ticket_id` bigint(20) unsigned NOT NULL,
  `payment_date` datetime NOT NULL,
  `price` varchar(100) COLLATE utf8mb4_unicode_ci NOT NULL,
  `payment_receipt` text COLLATE utf8mb4_unicode_ci NOT NULL,
  `status` enum('pending','success') COLLATE utf8mb4_unicode_ci NOT NULL,
  `created_at` timestamp NULL DEFAULT NULL,
  `updated_at` timestamp NULL DEFAULT NULL,
  `user_id` bigint(20) unsigned NOT NULL,
  PRIMARY KEY (`id`),
  KEY `cinema_payments_ticket_id_foreign` (`ticket_id`),
  KEY `cinema_payments_user_id_foreign` (`user_id`),
  CONSTRAINT `cinema_payments_ticket_id_foreign` FOREIGN KEY (`ticket_id`) REFERENCES `cinema_tickets` (`id`),
  CONSTRAINT `cinema_payments_user_id_foreign` FOREIGN KEY (`user_id`) REFERENCES `badaso_users` (`id`)
) ENGINE=InnoDB AUTO_INCREMENT=2 DEFAULT CHARSET=utf8mb4 COLLATE=utf8mb4_unicode_ci;

#
# Data for table "cinema_payments"
#

INSERT INTO `cinema_payments` VALUES (1,1,'2024-01-10 22:01:00','50000','','success','2024-01-10 15:02:24','2024-01-10 15:02:24',1);

#
# Structure for table "employees"
#

CREATE TABLE `employees` (
  `id` bigint(20) unsigned NOT NULL AUTO_INCREMENT,
  `user_id` bigint(20) unsigned NOT NULL,
  `created_at` timestamp NULL DEFAULT NULL,
  `updated_at` timestamp NULL DEFAULT NULL,
  `position` varchar(100) COLLATE utf8mb4_unicode_ci NOT NULL,
  `status` varchar(100) COLLATE utf8mb4_unicode_ci NOT NULL,
  `status_booking` varchar(100) COLLATE utf8mb4_unicode_ci NOT NULL,
  PRIMARY KEY (`id`),
  KEY `employees_user_id_foreign` (`user_id`),
  CONSTRAINT `employees_user_id_foreign` FOREIGN KEY (`user_id`) REFERENCES `badaso_users` (`id`) ON UPDATE NO ACTION
) ENGINE=InnoDB DEFAULT CHARSET=utf8mb4 COLLATE=utf8mb4_unicode_ci;

#
# Data for table "employees"
#


#
# Structure for table "failed_jobs"
#

CREATE TABLE `failed_jobs` (
  `id` bigint(20) unsigned NOT NULL AUTO_INCREMENT,
  `uuid` varchar(255) COLLATE utf8mb4_unicode_ci NOT NULL,
  `connection` text COLLATE utf8mb4_unicode_ci NOT NULL,
  `queue` text COLLATE utf8mb4_unicode_ci NOT NULL,
  `payload` longtext COLLATE utf8mb4_unicode_ci NOT NULL,
  `exception` longtext COLLATE utf8mb4_unicode_ci NOT NULL,
  `failed_at` timestamp NOT NULL DEFAULT CURRENT_TIMESTAMP,
  PRIMARY KEY (`id`),
  UNIQUE KEY `failed_jobs_uuid_unique` (`uuid`)
) ENGINE=InnoDB DEFAULT CHARSET=utf8mb4 COLLATE=utf8mb4_unicode_ci;

#
# Data for table "failed_jobs"
#


#
# Structure for table "migrations"
#

CREATE TABLE `migrations` (
  `id` int(10) unsigned NOT NULL AUTO_INCREMENT,
  `migration` varchar(255) COLLATE utf8mb4_unicode_ci NOT NULL,
  `batch` int(11) NOT NULL,
  PRIMARY KEY (`id`)
) ENGINE=InnoDB AUTO_INCREMENT=50 DEFAULT CHARSET=utf8mb4 COLLATE=utf8mb4_unicode_ci;

#
# Data for table "migrations"
#

INSERT INTO `migrations` VALUES (1,'2014_10_12_000000_create_users_table',1),(2,'2014_10_12_100000_create_password_resets_table',1),(3,'2019_08_19_000000_create_failed_jobs_table',1),(4,'2019_12_14_000001_create_personal_access_tokens_table',1),(5,'2020_11_12_000000_create_badaso_users_table',1),(6,'2020_11_12_100000_create_badaso_password_resets_table',1),(7,'2020_11_13_064800_create_data_type',1),(8,'2020_11_18_014827_create_configurations',1),(9,'2020_11_18_014939_create_roles',1),(10,'2020_11_18_014950_create_permissions',1),(11,'2020_11_18_015020_create_menus',1),(12,'2020_11_18_015029_create_menu_items',1),(13,'2020_11_18_015852_create_user_roles',1),(14,'2020_11_18_020028_create_role_permissions',1),(15,'2021_03_05_093223_create_activity_log_table',1),(16,'2021_03_09_064445_create_user_verifications',1),(17,'2021_03_12_073541_create_email_resets',1),(18,'2021_04_26_014032_create_firebase_cloud_messages_table',1),(19,'2021_04_28_004319_create_f_c_m_messages_table',1),(20,'2021_09_29_094036_add_username_to_users_table',1),(21,'2021_10_05_024140_rename_f_c_m_messages_table_to_notifications',1),(22,'2021_10_21_054710_add_is_show_header_and_expand_in_menus_table',1),(23,'2021_11_25_100130_add_is_expand_in_badaso_menu_items_table',1),(24,'2022_03_08_090850_change_order_integer_data_type_in_menus_table',1),(25,'2022_03_18_075818_add_event_column_to_activity_log_table',1),(26,'2022_03_18_075819_add_batch_uuid_column_to_activity_log_table',1),(27,'2022_11_15_081356_add_phone_number_to_badaso_users_table',1),(28,'2023_02_02_073310_alter_table_badaso_permissions_tables',1),(29,'2023_02_24_042847_alter_badaso_users_tables',1),(30,'2023_09_22_084333_add_address_to_badaso_users_table',1),(31,'2023_09_25_034306_add_gender_to_badaso_users_table',1),(32,'2024_01_10_120332_create_branches_table_dbhz',2),(33,'2024_01_10_120856_create_cars_table_drmb',3),(34,'2024_01_10_121323_create_employees_table_gqzr',4),(35,'2024_01_10_121419_alter_employees_table_pocs',5),(36,'2024_01_10_124940_create_rentals_table_jzva',6),(37,'2024_01_10_125548_create_payments_table_mtoi',7),(38,'2024_01_10_110337_create_cinema_genres_table_trek',8),(39,'2024_01_10_112739_create_cinema_movies_table_fhjl',9),(40,'2024_01_10_120722_create_cinema_studios_table_agvq',10),(41,'2024_01_10_120949_create_cinema_shows_table_kubs',11),(42,'2024_01_10_121120_create_cinema_seats_table_qtnd',12),(43,'2024_01_10_121300_alter_cinemaseats_table_tghc',13),(44,'2024_01_10_121756_create_cinema_tickets_table_snrz',14),(45,'2024_01_10_020650_create_cinema_payments_table_akwi',15),(46,'2024_01_10_023058_alter_cinemapayments_table_lhrp',16),(47,'2024_01_10_024812_create_genre_id_table_rgku',17),(48,'2024_01_10_025202_alter_cinemamovies_table_asrp',18),(49,'2024_01_10_031044_drop_genre_id_table_fekl',19);

#
# Structure for table "password_resets"
#

CREATE TABLE `password_resets` (
  `email` varchar(255) COLLATE utf8mb4_unicode_ci NOT NULL,
  `token` varchar(255) COLLATE utf8mb4_unicode_ci NOT NULL,
  `created_at` timestamp NULL DEFAULT NULL,
  KEY `password_resets_email_index` (`email`)
) ENGINE=InnoDB DEFAULT CHARSET=utf8mb4 COLLATE=utf8mb4_unicode_ci;

#
# Data for table "password_resets"
#


#
# Structure for table "personal_access_tokens"
#

CREATE TABLE `personal_access_tokens` (
  `id` bigint(20) unsigned NOT NULL AUTO_INCREMENT,
  `tokenable_type` varchar(255) COLLATE utf8mb4_unicode_ci NOT NULL,
  `tokenable_id` bigint(20) unsigned NOT NULL,
  `name` varchar(255) COLLATE utf8mb4_unicode_ci NOT NULL,
  `token` varchar(64) COLLATE utf8mb4_unicode_ci NOT NULL,
  `abilities` text COLLATE utf8mb4_unicode_ci,
  `last_used_at` timestamp NULL DEFAULT NULL,
  `created_at` timestamp NULL DEFAULT NULL,
  `updated_at` timestamp NULL DEFAULT NULL,
  PRIMARY KEY (`id`),
  UNIQUE KEY `personal_access_tokens_token_unique` (`token`),
  KEY `personal_access_tokens_tokenable_type_tokenable_id_index` (`tokenable_type`,`tokenable_id`)
) ENGINE=InnoDB DEFAULT CHARSET=utf8mb4 COLLATE=utf8mb4_unicode_ci;

#
# Data for table "personal_access_tokens"
#


#
# Structure for table "rentals"
#

CREATE TABLE `rentals` (
  `id` bigint(20) unsigned NOT NULL AUTO_INCREMENT,
  `car_id` bigint(20) unsigned NOT NULL,
  `user_id` bigint(20) unsigned NOT NULL,
  `employee_id` bigint(20) unsigned NOT NULL,
  `rental_code` varchar(100) COLLATE utf8mb4_unicode_ci NOT NULL,
  `start_date` date NOT NULL,
  `end_date` date NOT NULL,
  `duration` int(11) NOT NULL,
  `total_cost` double(100,2) NOT NULL,
  `rental_status` enum('disewa','selesai') COLLATE utf8mb4_unicode_ci NOT NULL,
  `created_at` timestamp NULL DEFAULT NULL,
  `updated_at` timestamp NULL DEFAULT NULL,
  PRIMARY KEY (`id`),
  KEY `rentals_car_id_foreign` (`car_id`),
  KEY `rentals_user_id_foreign` (`user_id`),
  KEY `rentals_employee_id_foreign` (`employee_id`),
  CONSTRAINT `rentals_car_id_foreign` FOREIGN KEY (`car_id`) REFERENCES `cars` (`id`) ON UPDATE NO ACTION,
  CONSTRAINT `rentals_employee_id_foreign` FOREIGN KEY (`employee_id`) REFERENCES `employees` (`id`) ON UPDATE NO ACTION,
  CONSTRAINT `rentals_user_id_foreign` FOREIGN KEY (`user_id`) REFERENCES `badaso_users` (`id`) ON UPDATE NO ACTION
) ENGINE=InnoDB DEFAULT CHARSET=utf8mb4 COLLATE=utf8mb4_unicode_ci;

#
# Data for table "rentals"
#


#
# Structure for table "payments"
#

CREATE TABLE `payments` (
  `id` bigint(20) unsigned NOT NULL AUTO_INCREMENT,
  `rental_id` bigint(20) unsigned NOT NULL,
  `payment_method` varchar(100) COLLATE utf8mb4_unicode_ci NOT NULL,
  `payment_amount` int(11) NOT NULL,
  `payment_date` date NOT NULL,
  `payment_status` varchar(100) COLLATE utf8mb4_unicode_ci NOT NULL,
  `created_at` timestamp NULL DEFAULT NULL,
  `updated_at` timestamp NULL DEFAULT NULL,
  PRIMARY KEY (`id`),
  KEY `payments_rental_id_foreign` (`rental_id`),
  CONSTRAINT `payments_rental_id_foreign` FOREIGN KEY (`rental_id`) REFERENCES `rentals` (`id`) ON UPDATE NO ACTION
) ENGINE=InnoDB DEFAULT CHARSET=utf8mb4 COLLATE=utf8mb4_unicode_ci;

#
# Data for table "payments"
#


#
# Structure for table "users"
#

CREATE TABLE `users` (
  `id` bigint(20) unsigned NOT NULL AUTO_INCREMENT,
  `name` varchar(255) COLLATE utf8mb4_unicode_ci NOT NULL,
  `email` varchar(255) COLLATE utf8mb4_unicode_ci NOT NULL,
  `email_verified_at` timestamp NULL DEFAULT NULL,
  `password` varchar(255) COLLATE utf8mb4_unicode_ci NOT NULL,
  `remember_token` varchar(100) COLLATE utf8mb4_unicode_ci DEFAULT NULL,
  `created_at` timestamp NULL DEFAULT NULL,
  `updated_at` timestamp NULL DEFAULT NULL,
  PRIMARY KEY (`id`),
  UNIQUE KEY `users_email_unique` (`email`)
) ENGINE=InnoDB DEFAULT CHARSET=utf8mb4 COLLATE=utf8mb4_unicode_ci;

#
# Data for table "users"
#

